"Raimund Aldin,M,raldin0@woothemes.com,8920918,743409.8333333334"
"Moira Darrington,F,mdarrington1@odnoklassniki.ru,11330437,944203.0833333334"
"Franz Snuggs,M,fsnuggs2@redcross.org,12831187,1069265.5833333333"
"Stan Paprotny,M,spaprotny3@youku.com,17714816,1476234.6666666667"
"Faun Hundley,F,fhundley4@bandcamp.com,10121354,843446.1666666666"
"Corliss Knewstubb,F,cknewstubb5@macromedia.com,7379445,614953.75"
"Spense Lennard,M,slennard6@blogtalkradio.com,1658444,138203.66666666666"
"Warden Baxster,M,wbaxster7@economist.com,6286616,523884.6666666667"
"Amelie Stainson,F,astainson8@pagesperso-orange.fr,1979964,164997.0"
"Granger Ide,N,gide9@skyrock.com,3980623,331718.5833333333"
"Milty Rushbury,M,mrushburya@wikia.com,6419064,534922.0"
"Sampson Bleckly,M,sblecklyc@newyorker.com,19642572,1636881.0"
"Nevin Ruthven,M,nruthvend@nationalgeographic.com,4541734,378477.8333333333"
"Kariotta Whittock,G,kwhittocke@pagesperso-orange.fr,8448742,704061.8333333334"
"Dulcie Fills,F,dfillsf@google.cn,11575887,964657.25"
"Edik Caulder,M,ecaulderg@so-net.ne.jp,15526201,1293850.0833333333"
"Babs Chesney,F,bchesneyh@g.co,19595154,1632929.5"
"Madalyn Ropkes,F,mropkesi@bbc.co.uk,1501544,125128.66666666667"
"Winny Kenen,F,wkenenj@elpais.com,6891450,574287.5"
"Winthrop Allen,M,wallenk@washington.edu,15615259,1301271.5833333333"
"Trula MacMarcuis,F,tmacmarcuisl@wiley.com,8509677,709139.75"
"Joseph Arnout,M,jarnoutm@disqus.com,18898514,1574876.1666666667"
"L;urette Derrick,F,lderrickn@wordpress.org,8332293,694357.75"
"Chloris Whistlecroft,F,cwhistlecrofto@rediff.com,16365161,1363763.4166666667"
"Farlay Birtley,M,fbirtleyp@1688.com,19172953,1597746.0833333333"
"Netta Flawn,F,nflawnq@bloglovin.com,16002968,1333580.6666666667"
"Tommi Teas,F,tteasr@com.com,11647643,970636.9166666666"
"Pattie Rubbert,M,prubberts@google.co.jp,19967053,1663921.0833333333"
"May Sobieski,F,msobieskiu@msu.edu,7841994,653499.5"
"Renie Ohms,F,rohmsv@infoseek.co.jp,19843146,1653595.5"
"Janifer Coventry,F,jcoventryw@seattletimes.com,14954602,1246216.8333333333"
"Lizzie Rocco,N,lroccox@huffingtonpost.com,2449354,204112.83333333334"
"Vivi Reasun,F,vreasuny@freewebs.com,1397984,116498.66666666667"
"Walsh Conradsen,M,wconradsenz@seesaa.net,1331766,110980.5"
"Holmes Strood,M,hstrood10@pcworld.com,3920340,326695.0"
"Jobie Pemble,F,jpemble11@printfriendly.com,7540488,628374.0"
"Harley Antoons,F,hantoons12@cloudflare.com,6159586,513298.8333333333"
"Geoffry Row,G,grow13@cpanel.net,11721893,976824.4166666666"
"Garvey Kenninghan,M,gkenninghan14@google.fr,14132520,1177710.0"
"Sigmund Collens,M,scollens15@epa.gov,9622042,801836.8333333334"
"Ali Nekrews,M,anekrews16@un.org,9222799,768566.5833333334"
"Matt Curson,M,mcurson17@hhs.gov,14668949,1222412.4166666667"
"Aldridge Diwell,M,adiwell18@hud.gov,14844893,1237074.4166666667"
"Constance Udey,A,cudey19@usa.gov,6963053,580254.4166666666"
"Rory Drees,A,rdrees1a@shop-pro.jp,15959164,1329930.3333333333"
"Jeff Philo,M,jphilo1b@csmonitor.com,5473207,456100.5833333333"
"Harley Carryer,M,hcarryer1c@unesco.org,16524943,1377078.5833333333"
"Abby Shone,F,ashone1d@discuz.net,1814833,151236.08333333334"
"Nikoletta Shears,F,nshears1e@canalblog.com,12870732,1072561.0"
"Nils Kennler,M,nkennler1f@hao123.com,17941562,1495130.1666666667"
"Parke Braithwaite,M,pbraithwaite1g@usatoday.com,5564480,463706.6666666667"
"Vito Drysdall,M,vdrysdall1h@hexun.com,12704060,1058671.6666666667"
"Kamillah Godrich,F,kgodrich1i@w3.org,13567393,1130616.0833333333"
"Kizzie Luquet,F,kluquet1j@eepurl.com,8481791,706815.9166666666"
"Alvy MacDonell,M,amacdonell1k@hugedomains.com,9612763,801063.5833333334"
"Myca Humpherson,M,mhumpherson1l@engadget.com,1084873,90406.08333333333"
"Octavius Yabsley,M,oyabsley1m@narod.ru,7037480,586456.6666666666"
"Tootsie Thunderchief,F,tthunderchief1n@yandex.ru,10199834,849986.1666666666"
"Regan Maisey,F,rmaisey1o@forbes.com,3682049,306837.4166666667"
"Jolee Inch,F,jinch1p@umn.edu,6855266,571272.1666666666"
"Lia Mackieson,F,lmackieson1q@ihg.com,14176462,1181371.8333333333"
"Lalo Plumtree,M,lplumtree1r@java.com,10076705,839725.4166666666"
"Sanderson McAster,B,smcaster1s@constantcontact.com,14406374,1200531.1666666667"
"Natala Fitzsymonds,F,nfitzsymonds1t@phpbb.com,5119113,426592.75"
"Rudy Stratley,M,rstratley1u@soundcloud.com,15020263,1251688.5833333333"
"Juline Frances,G,jfrances1v@zdnet.com,4581008,381750.6666666667"
"Palm Cheatle,M,pcheatle1w@hud.gov,13354934,1112911.1666666667"
"Janith Clabburn,P,jclabburn1x@opera.com,11913772,992814.3333333334"
"Juieta Diamant,F,jdiamant1y@dmoz.org,11873092,989424.3333333334"
"Perkin Seamer,N,pseamer1z@imdb.com,5787199,482266.5833333333"
"Ode Safhill,M,osafhill20@jalbum.net,16491712,1374309.3333333333"
"Ivor McComish,M,imccomish21@army.mil,12540917,1045076.4166666666"
"Barty Livzey,M,blivzey22@stumbleupon.com,3626441,302203.4166666667"
"Brinn De Fraine,F,bdefraine23@businessinsider.com,7310659,609221.5833333334"
"Chickie Bacop,F,cbacop24@tmall.com,12584286,1048690.5"
"Artus Farbrace,M,afarbrace25@yelp.com,7013325,584443.75"
"Walliw Trafford,F,wtrafford26@dropbox.com,5714866,476238.8333333333"
"Cheslie Western,F,cwestern27@de.vu,1212742,101061.83333333333"
"Lyndsey Tacon,F,ltacon28@yandex.ru,3353966,279497.1666666667"
"Twyla Mellers,F,tmellers29@phoca.cz,6155282,512940.1666666667"
"Dianna Funcheon,F,dfuncheon2a@chronoengine.com,17561973,1463497.75"
"Kirstyn Stanway,F,kstanway2b@gizmodo.com,9960124,830010.3333333334"
"Shanta Agius,F,sagius2c@naver.com,10954215,912851.25"
"Hill Trawin,G,htrawin2d@aol.com,10640643,886720.25"
"Casey Myring,M,cmyring2e@shutterfly.com,10661962,888496.8333333334"
"Annalise Monkeman,F,amonkeman2f@homestead.com,18701573,1558464.4166666667"
"Carlynne Wharlton,G,cwharlton2g@ucla.edu,14790264,1232522.0"
"Tadeo Lampens,M,tlampens2h@hud.gov,5229605,435800.4166666667"
"Trudi Melley,F,tmelley2i@walmart.com,12933924,1077827.0"
"Harley Keach,F,hkeach2j@marketwatch.com,5533418,461118.1666666667"
"Elvera Battelle,F,ebattelle2k@ovh.net,5544815,462067.9166666667"
"Sigrid Gepp,F,sgepp2l@linkedin.com,6108539,509044.9166666667"
"Brook Fishbourne,M,bfishbourne2n@nasa.gov,19129249,1594104.0833333333"
"Berkley Smardon,M,bsmardon2o@joomla.org,14038812,1169901.0"
"Trev Fearick,M,tfearick2p@ucoz.com,11145808,928817.3333333334"
"Gilli Matresse,F,gmatresse2q@usgs.gov,7925605,660467.0833333334"
"Wallas Beddin,M,wbeddin2s@github.com,3921090,326757.5"
"Shandy Lowres,F,slowres2u@rambler.ru,5795298,482941.5"
"Karmen Andrzejak,F,kandrzejak2w@wordpress.org,8569883,714156.9166666666"
"Shantee Brockman,F,sbrockman2x@amazon.com,4892613,407717.75"
"Aura Trehearne,F,atrehearne2y@clickbank.net,14364297,1197024.75"
"Alaric Rubinek,M,arubinek2z@state.tx.us,15126193,1260516.0833333333"
"Latisha Bruyett,G,lbruyett30@bloomberg.com,8128961,677413.4166666666"
"Tamma Simmins,B,tsimmins31@webnode.com,18778366,1564863.8333333333"
"Hedvige Galero,F,hgalero32@woothemes.com,15429406,1285783.8333333333"
"Dela Benitti,F,dbenitti33@paginegialle.it,1595539,132961.58333333334"
"Jerald Meneer,M,jmeneer34@gov.uk,17276987,1439748.9166666667"
"Lilla Toppas,F,ltoppas35@sbwire.com,3822344,318528.6666666667"
"Petronella Saberton,F,psaberton36@pcworld.com,11524099,960341.5833333334"
"Goldi Dobbs,F,gdobbs37@prlog.org,5363124,446927.0"
"Brian Faunt,M,bfaunt38@mit.edu,9695840,807986.6666666666"
"Ninetta Beament,F,nbeament39@canalblog.com,3842379,320198.25"
"Gennifer Findlater,G,gfindlater3a@bloomberg.com,4818198,401516.5"
"Elwin Whytock,M,ewhytock3b@constantcontact.com,12232822,1019401.8333333334"
"Bealle Brittlebank,M,bbrittlebank3c@cpanel.net,13194364,1099530.3333333333"
"Charmion Sands-Allan,F,csandsallan3d@java.com,4573938,381161.5"
"Brana Narramore,F,bnarramore3e@eventbrite.com,14918388,1243199.0"
"Vail Geroldo,M,vgeroldo3f@symantec.com,13404422,1117035.1666666667"
"Merv Duncombe,M,mduncombe3g@miibeian.gov.cn,19251168,1604264.0"
"Zaneta Paradine,F,zparadine3h@usnews.com,18953618,1579468.1666666667"
"Hermia MacCallion,F,hmaccallion3i@drupal.org,16764871,1397072.5833333333"
"Georgiana McGannon,F,gmcgannon3j@goo.ne.jp,4807011,400584.25"
"Eunice Flew,F,eflew3k@nps.gov,8108018,675668.1666666666"
"Huntington Polly,M,hpolly3l@4shared.com,3003055,250254.58333333334"
"Hieronymus Wardhough,M,hwardhough3m@imgur.com,1669469,139122.41666666666"
"Iggy Springtorpe,G,ispringtorpe3n@cocolog-nifty.com,6065832,505486.0"
"Debbie Jedryka,F,djedryka3o@forbes.com,7256263,604688.5833333334"
"Susan Locarno,F,slocarno3p@stanford.edu,3548267,295688.9166666667"
"Ario Snailham,M,asnailham3q@unblog.fr,8768509,730709.0833333334"
"Mitch Bread,M,mbread3r@myspace.com,2207070,183922.5"
"Paquito Pead,M,ppead3s@fema.gov,11770858,980904.8333333334"
"Worth Ilyushkin,M,wilyushkin3t@163.com,18443281,1536940.0833333333"
"Carena Clipston,F,cclipston3u@soundcloud.com,16246357,1353863.0833333333"
"Cosetta Synan,B,csynan3v@shop-pro.jp,1437270,119772.5"
"Mohandis Tourry,M,mtourry3w@ehow.com,3461067,288422.25"
"Penny Heinish,M,pheinish3x@gnu.org,16627737,1385644.75"
"Ginger Pond-Jones,M,gpondjones3y@symantec.com,7372228,614352.3333333334"
"Terry Rands,M,trands3z@yelp.com,19418502,1618208.5"
"Erskine Paty,M,epaty40@telegraph.co.uk,14810120,1234176.6666666667"
"Rolland Rack,M,rrack41@a8.net,10579088,881590.6666666666"
"Pavia Anker,N,panker42@nymag.com,5657469,471455.75"
"Sacha Broom,F,sbroom43@senate.gov,14082626,1173552.1666666667"
"Ermentrude Abbott,F,eabbott44@eventbrite.com,4477603,373133.5833333333"
"Lisha Monk,F,lmonk45@youku.com,3749175,312431.25"
"Iris Treherne,F,itreherne46@kickstarter.com,7636919,636409.9166666666"
"Byrann Habberjam,M,bhabberjam47@slate.com,7738809,644900.75"
"Claudia Sargant,N,csargant48@archive.org,4623051,385254.25"
"Kevon Colter,M,kcolter49@icq.com,3598443,299870.25"
"Staci Bamber,P,sbamber4a@slate.com,5152421,429368.4166666667"
"Gustavo Jewer,M,gjewer4b@google.com,10345619,862134.9166666666"
"Sydney Wickersley,F,swickersley4c@ox.ac.uk,14366046,1197170.5"
"Ware Melvin,M,wmelvin4d@google.it,16611928,1384327.3333333333"
"Ofilia Locksley,F,olocksley4e@sohu.com,17019879,1418323.25"
"Hedvig Thunnerclef,F,hthunnerclef4f@princeton.edu,14063784,1171982.0"
"Marja Peat,F,mpeat4g@zdnet.com,9346588,778882.3333333334"
"Thoma Banke,M,tbanke4h@cornell.edu,6266050,522170.8333333333"
"Gwyneth Knudsen,F,gknudsen4i@networkadvertising.org,2204671,183722.58333333334"
"Judi Tall,F,jtall4j@github.com,10128109,844009.0833333334"
"Boycey Repp,M,brepp4k@hao123.com,5372549,447712.4166666667"
"Darin Casse,M,dcasse4l@xing.com,4984334,415361.1666666667"
"Don Abbati,M,dabbati4m@princeton.edu,5789416,482451.3333333333"
"Lillis Brannon,G,lbrannon4n@51.la,16087622,1340635.1666666667"
"Andreas Nisot,M,anisot4o@furl.net,15693700,1307808.3333333333"
"Welsh Thieme,M,wthieme4p@paypal.com,9311114,775926.1666666666"
"Griffie Ghidini,M,gghidini4q@un.org,6537987,544832.25"
"Tybie Sarfass,F,tsarfass4r@ucoz.ru,16897116,1408093.0"
"Cecil Ivankov,M,civankov4s@nyu.edu,5435279,452939.9166666667"
"Goldy Ricardou,F,gricardou4u@yellowpages.com,7071979,589331.5833333334"
"Pauli Sheber,F,psheber4v@arizona.edu,17689175,1474097.9166666667"
"Evangelina Champney,F,echampney4w@constantcontact.com,2929791,244149.25"
"Verne Tarply,M,vtarply4x@reuters.com,12999701,1083308.4166666667"
"Cleavland Borrel,M,cborrel4y@indiegogo.com,13624096,1135341.3333333333"
"Stanford Nodes,M,snodes50@yahoo.com,1866935,155577.91666666666"
"Jacynth Garaghan,B,jgaraghan51@geocities.com,8231249,685937.4166666666"
"Olag Lucius,M,olucius52@tmall.com,16472790,1372732.5"
"Morna MacDunleavy,F,mmacdunleavy53@timesonline.co.uk,5419412,451617.6666666667"
"Harmon Heeks,M,hheeks54@cbslocal.com,19899228,1658269.0"
"Tymothy Dallender,M,tdallender55@hubpages.com,14543303,1211941.9166666667"
"Thaddus Quenell,M,tquenell56@taobao.com,15975909,1331325.75"
"Darline Siemantel,F,dsiemantel57@disqus.com,5762473,480206.0833333333"
"Felicle Leys,F,fleys59@unesco.org,18940831,1578402.5833333333"
"Zedekiah Emanuelli,M,zemanuelli5a@japanpost.jp,15259284,1271607.0"
"Odetta Seabrook,F,oseabrook5c@exblog.jp,1082392,90199.33333333333"
"Row Sent,F,rsent5d@scientificamerican.com,11480025,956668.75"
"Far Langley,M,flangley5e@telegraph.co.uk,6112163,509346.9166666667"
"Elenore Rubinfeld,F,erubinfeld5f@slashdot.org,19667549,1638962.4166666667"
"Rosemonde Ondrus,F,rondrus5g@ehow.com,15827383,1318948.5833333333"
"Giustina Langlois,F,glanglois5h@dailymotion.com,16003777,1333648.0833333333"
"Domingo Pellett,M,dpellett5i@nhs.uk,3695427,307952.25"
"Marwin Casbourne,M,mcasbourne5j@java.com,15983641,1331970.0833333333"
"Jaye Crayden,M,jcrayden5k@apache.org,4506613,375551.0833333333"
"Liana Deners,F,ldeners5l@stanford.edu,7140143,595011.9166666666"
"Amos Glendinning,M,aglendinning5m@arstechnica.com,12916448,1076370.6666666667"
"Rafaello Gonnely,M,rgonnely5n@studiopress.com,15189210,1265767.5"
"Rhett Blissett,M,rblissett5o@blogspot.com,13267959,1105663.25"
"Grantley Rawsthorn,M,grawsthorn5p@marketwatch.com,17986024,1498835.3333333333"
"Stacey Le Page,F,slepage5q@elpais.com,18306284,1525523.6666666667"
"Kaye Betjes,F,kbetjes5r@quantcast.com,8075231,672935.9166666666"
"Katey McDunlevy,G,kmcdunlevy5s@wordpress.com,7830498,652541.5"
"Merv Thomas,M,mthomas5t@yale.edu,19712351,1642695.9166666667"
"Homer Loffel,M,hloffel5u@addthis.com,2805685,233807.08333333334"
"Lyn Bladder,M,lbladder5v@china.com.cn,9769173,814097.75"
"Nellie Matches,F,nmatches5y@bloglovin.com,13363425,1113618.75"
"Thaxter Ludlam,M,tludlam5z@about.com,7814309,651192.4166666666"
"Ladonna Clowley,F,lclowley60@networksolutions.com,7106016,592168.0"
"Anthe Milella,F,amilella61@weather.com,1594780,132898.33333333334"
"Melissa Shearsby,F,mshearsby62@diigo.com,15263488,1271957.3333333333"
"Brocky MacClay,M,bmacclay63@seattletimes.com,19219314,1601609.5"
"Agosto Kamen,M,akamen64@deviantart.com,9194981,766248.4166666666"
"Alyosha Offell,M,aoffell65@ox.ac.uk,7060347,588362.25"
"Godfrey Corney,M,gcorney66@discuz.net,17167382,1430615.1666666667"
"Enriqueta Greenall,F,egreenall67@sogou.com,17532106,1461008.8333333333"
"Giffard Quoit,M,gquoit68@homestead.com,15592035,1299336.25"
"Alvina Celez,G,acelez69@t-online.de,2163531,180294.25"
"Blake Rheam,M,brheam6a@wikimedia.org,19233132,1602761.0"
"Fonzie Pridden,M,fpridden6b@domainmarket.com,13612359,1134363.25"
"Patin Hein,M,phein6c@ebay.com,18750690,1562557.5"
"Royce Olexa,M,rolexa6d@europa.eu,5109615,425801.25"
"Ana Orrett,F,aorrett6e@yelp.com,15048810,1254067.5"
"Meagan Fullilove,F,mfullilove6f@soup.io,9066752,755562.6666666666"
"Fawnia Weale,F,fweale6g@rambler.ru,3432320,286026.6666666667"
"Ellsworth Pitway,M,epitway6h@umn.edu,17124868,1427072.3333333333"
"Celine Coverlyn,F,ccoverlyn6i@myspace.com,1065296,88774.66666666667"
"Gratiana Hast,F,ghast6j@i2i.jp,5118760,426563.3333333333"
"Denys Doughton,M,ddoughton6k@a8.net,4699781,391648.4166666667"
"Galina Lutwidge,F,glutwidge6l@nps.gov,16756302,1396358.5"
"Leola Orange,F,lorange6m@sogou.com,12246821,1020568.4166666666"
"Jake Elnough,M,jelnough6n@psu.edu,8110958,675913.1666666666"
"Ancell Chessman,M,achessman6o@hhs.gov,19108559,1592379.9166666667"
"Mile Greenslade,M,mgreenslade6p@washington.edu,14581497,1215124.75"
"Packston Synnott,M,psynnott6q@archive.org,5151503,429291.9166666667"
"Flore Gurwood,F,fgurwood6s@1und1.de,1725280,143773.33333333334"
"Eadie Olivazzi,F,eolivazzi6t@fda.gov,14232425,1186035.4166666667"
"Philbert Burgyn,M,pburgyn6u@wufoo.com,14940761,1245063.4166666667"
"Matilda Young,F,myoung6v@hostgator.com,3759795,313316.25"
"Alverta Rooke,F,arooke6w@oakley.com,14527501,1210625.0833333333"
"Jdavie Leyband,M,jleyband6x@dot.gov,11035464,919622.0"
"Hubey Kidds,M,hkidds6y@addthis.com,11941267,995105.5833333334"
"Ramsey Lacaze,M,rlacaze6z@irs.gov,1987045,165587.08333333334"
"Bjorn Underhill,M,bunderhill70@fastcompany.com,9088785,757398.75"
"Jodi Skull,M,jskull71@uiuc.edu,4660957,388413.0833333333"
"Ignacius Spellard,M,ispellard72@sogou.com,11257523,938126.9166666666"
"Gabe Ellens,M,gellens73@nationalgeographic.com,1062128,88510.66666666667"
"Cordell Nobles,M,cnobles74@macromedia.com,8777813,731484.4166666666"
"Fred Duckhouse,M,fduckhouse75@wikipedia.org,11207969,933997.4166666666"
"Waly Mennithorp,B,wmennithorp76@scientificamerican.com,6516732,543061.0"
"Luce Georgeot,M,lgeorgeot77@jiathis.com,5699435,474952.9166666667"
"Charlene Huffey,G,chuffey78@tinypic.com,19435265,1619605.4166666667"
"Gayler Briscoe,G,gbriscoe79@jugem.jp,5068807,422400.5833333333"
"Hugibert Charker,M,hcharker7a@omniture.com,18856000,1571333.3333333333"
"Roselia Danher,F,rdanher7b@webeden.co.uk,5249057,437421.4166666667"
"Pail Cambell,M,pcambell7c@princeton.edu,11600754,966729.5"
"Ring Hanrahan,M,rhanrahan7d@umich.edu,19068893,1589074.4166666667"
"Grover Berkery,M,gberkery7e@miitbeian.gov.cn,9252532,771044.3333333334"
"Dud Castiglioni,M,dcastiglioni7f@sphinn.com,17125208,1427100.6666666667"
"Mahala Fortune,F,mfortune7g@nifty.com,17571892,1464324.3333333333"
"Rochell Klaaasen,F,rklaaasen7h@com.com,6600372,550031.0"
"Gregoire Sibbald,M,gsibbald7i@eepurl.com,7791531,649294.25"
"Nicolle Brashaw,F,nbrashaw7j@wikipedia.org,7189228,599102.3333333334"
"Oliviero Krammer,M,okrammer7k@ebay.com,17180761,1431730.0833333333"
"Brandais Walisiak,F,bwalisiak7l@symantec.com,14840065,1236672.0833333333"
"Ody Blackley,M,oblackley7m@usnews.com,11578614,964884.5"
"Carmel Carss,F,ccarss7o@constantcontact.com,6341494,528457.8333333334"
"Dela Golston,F,dgolston7p@lycos.com,5318242,443186.8333333333"
"Malachi Veale,M,mveale7q@census.gov,15157366,1263113.8333333333"
"Ahmad MacAulay,P,amacaulay7r@posterous.com,5745850,478820.8333333333"
"Inger Cartmill,A,icartmill7s@diigo.com,18702686,1558557.1666666667"
"Julita Stammirs,F,jstammirs7t@earthlink.net,4775083,397923.5833333333"
"Logan Vanyatin,M,lvanyatin7u@mozilla.org,2795377,232948.08333333334"
"Marcel Hessle,M,mhessle7v@merriam-webster.com,17102659,1425221.5833333333"
"Gilemette Sothcott,F,gsothcott7w@hao123.com,6211307,517608.9166666667"
"Helaine Wakeley,F,hwakeley7x@shop-pro.jp,7373385,614448.75"
"Blanch Mountain,F,bmountain7y@deviantart.com,5778543,481545.25"
"Algernon Ralfe,M,aralfe7z@cmu.edu,8264355,688696.25"
"Kristopher Kilminster,M,kkilminster80@pen.io,16151594,1345966.1666666667"
"Wally Sitwell,G,wsitwell81@bbb.org,3147224,262268.6666666667"
"Mendy Simmons,M,msimmons82@rambler.ru,10000515,833376.25"
"Brina McGorley,F,bmcgorley83@soup.io,2419199,201599.91666666666"
"Catrina Paynton,F,cpaynton84@twitpic.com,14508814,1209067.8333333333"
"Ignace Chrisp,M,ichrisp86@chronoengine.com,15404876,1283739.6666666667"
"Clarette Linggood,F,clinggood87@webs.com,19722664,1643555.3333333333"
"Peggie Bollen,F,pbollen88@illinois.edu,3659483,304956.9166666667"
"Marley Gimbart,F,mgimbart89@shop-pro.jp,14625782,1218815.1666666667"
"Petronille Fone,F,pfone8a@mail.ru,12698333,1058194.4166666667"
"Paloma Lago,F,plago8b@cmu.edu,13942276,1161856.3333333333"
"Cristina Darinton,F,cdarinton8c@ow.ly,5770979,480914.9166666667"
"Theresina Poulston,F,tpoulston8d@cdc.gov,15870449,1322537.4166666667"
"Staffard Bristow,M,sbristow8e@altervista.org,12684072,1057006.0"
"Marco Guiso,M,mguiso8f@stanford.edu,3340079,278339.9166666667"
"Atlante Trahearn,F,atrahearn8g@goodreads.com,8608625,717385.4166666666"
"Ira Abrey,M,iabrey8h@myspace.com,13715780,1142981.6666666667"
"Emyle Barrack,F,ebarrack8i@de.vu,1735354,144612.83333333334"
"Aluin Foat,M,afoat8j@php.net,2725694,227141.16666666666"
"Vincent Waddoups,M,vwaddoups8k@marketwatch.com,16136104,1344675.3333333333"
"Traver Jirek,A,tjirek8l@globo.com,2391003,199250.25"
"Tommy Foxhall,F,tfoxhall8m@redcross.org,5623827,468652.25"
"Phaedra Castellet,F,pcastellet8n@japanpost.jp,7127322,593943.5"
"Caressa Kaysor,F,ckaysor8o@ibm.com,15180786,1265065.5"
"Melly Sendley,F,msendley8p@mail.ru,11280945,940078.75"
"Isidor Vest,M,ivest8q@imgur.com,6264315,522026.25"
"Geoffrey Scimone,M,gscimone8r@cloudflare.com,15541405,1295117.0833333333"
"Jewell Lodovichi,F,jlodovichi8s@businessinsider.com,13346364,1112197.0"
"Weber Tiner,M,wtiner8t@yandex.ru,15578246,1298187.1666666667"
"Sephira Ethelstone,F,sethelstone8u@addtoany.com,14893248,1241104.0"
"Cullin Diggle,M,cdiggle8v@miibeian.gov.cn,16701514,1391792.8333333333"
"Zarah Leif,F,zleif8w@google.it,11586156,965513.0"
"Cristionna Nobes,F,cnobes8x@wix.com,17746102,1478841.8333333333"
"Sib Lenchenko,F,slenchenko8y@google.co.jp,19868123,1655676.9166666667"
"Lauren Lockyear,M,llockyear8z@unesco.org,17652028,1471002.3333333333"
"Hugibert Lewerenz,M,hlewerenz90@oracle.com,5207157,433929.75"
"Joy Bullant,F,jbullant91@dailymail.co.uk,3427010,285584.1666666667"
"Kelley Maykin,F,kmaykin92@illinois.edu,16108405,1342367.0833333333"
"Boigie Storres,M,bstorres94@google.co.uk,16491025,1374252.0833333333"
"Clerissa Govenlock,F,cgovenlock95@bravesites.com,4371411,364284.25"
"Maison Sammons,M,msammons96@cbslocal.com,18440230,1536685.8333333333"
"Neely Byrd,F,nbyrd97@seattletimes.com,17122044,1426837.0"
"Rod Pontin,M,rpontin98@cnn.com,4367019,363918.25"
"Brett Sphinxe,F,bsphinxe99@diigo.com,4377660,364805.0"
"Salomo Pirie,M,spirie9a@mayoclinic.com,11937376,994781.3333333334"
"Pierre Rozanski,M,prozanski9b@artisteer.com,16296248,1358020.6666666667"
"Waylin Goodinson,M,wgoodinson9c@usnews.com,9226462,768871.8333333334"
"Birdie Romi,F,bromi9d@hc360.com,9231438,769286.5"
"Melania Maffey,F,mmaffey9e@ycombinator.com,10452124,871010.3333333334"
"Nicky Klauber,M,nklauber9f@cnet.com,8160841,680070.0833333334"
"Iver McTurlough,M,imcturlough9g@cisco.com,1479137,123261.41666666667"
"Desirae Oleksiak,F,doleksiak9h@jalbum.net,16402976,1366914.6666666667"
"Hinda Halston,G,hhalston9i@webnode.com,10624843,885403.5833333334"
"Herb Blackster,M,hblackster9j@bandcamp.com,7679983,639998.5833333334"
"Albie Cloutt,M,acloutt9k@census.gov,4745500,395458.3333333333"
"Mitch Rubbens,M,mrubbens9m@fc2.com,6038357,503196.4166666667"
"Coletta De Michele,F,cdemichele9n@dell.com,3292036,274336.3333333333"
"Giustina Jiggens,F,gjiggens9o@domainmarket.com,16411185,1367598.75"
"Sapphire Hamon,F,shamon9p@unicef.org,18547773,1545647.75"
"Gloria Ottewell,F,gottewell9q@scientificamerican.com,19378736,1614894.6666666667"
"Miriam Daveren,F,mdaveren9r@people.com.cn,2784487,232040.58333333334"
"Ailbert De Brett,M,adebrett9s@pcworld.com,18176829,1514735.75"
"Jourdain Stroobant,M,jstroobant9t@4shared.com,12238582,1019881.8333333334"
"Virgie Heino,M,vheino9u@digg.com,1066685,88890.41666666667"
"Alick Buttwell,M,abuttwell9v@nyu.edu,17492553,1457712.75"
"Wells Marxsen,M,wmarxsen9w@myspace.com,9705552,808796.0"
"Tatum MacAlroy,F,tmacalroy9x@sciencedirect.com,4180369,348364.0833333333"
"Nolly Hatliff,M,nhatliff9y@instagram.com,12139752,1011646.0"
"Hurley Alvaro,M,halvaro9z@bandcamp.com,3136513,261376.08333333334"
"Merrill Mordy,M,mmordya0@livejournal.com,6755581,562965.0833333334"
"Agata Doerffer,F,adoerffera1@nhs.uk,4583680,381973.3333333333"
"Ralf Withers,M,rwithersa2@boston.com,9448223,787351.9166666666"
"Annmarie Skipton,F,askiptona3@timesonline.co.uk,12154357,1012863.0833333334"
"Sullivan Iredale,M,siredalea4@delicious.com,5346015,445501.25"
"Camile Hark,A,charka6@printfriendly.com,2132432,177702.66666666666"
"Barnabe Fennessy,M,bfennessya7@pbs.org,16150910,1345909.1666666667"
"Cyndy Bye,G,cbyea8@usnews.com,14293272,1191106.0"
"Lesley Izakoff,F,lizakoffa9@unicef.org,11970040,997503.3333333334"
"Blondell Seine,F,bseineab@wunderground.com,10083651,840304.25"
"Antonina Bridgeman,F,abridgemanac@qq.com,17329441,1444120.0833333333"
"Athena Jannings,F,ajanningsad@webs.com,5202261,433521.75"
"Kevina Proschke,F,kproschkeae@vimeo.com,1037075,86422.91666666667"
"Inez Upcraft,F,iupcraftaf@dropbox.com,5792540,482711.6666666667"
"Edwina Fernanando,F,efernanandoag@ucoz.com,7182406,598533.8333333334"
"Isabelle Bliben,F,iblibenah@51.la,16710418,1392534.8333333333"
"Dasha Lumm,F,dlummai@e-recht24.de,11808919,984076.5833333334"
"Marvin Riordan,M,mriordanaj@altervista.org,9286917,773909.75"
"Margarete Nafziger,G,mnafzigerak@dell.com,16613837,1384486.4166666667"
"Howey Burchill,M,hburchillal@virginia.edu,11645366,970447.1666666666"
"Kain Tuckwell,M,ktuckwellam@joomla.org,3999803,333316.9166666667"
"Christiano Mullett,M,cmullettan@arizona.edu,11041049,920087.4166666666"
"Aldo Crutch,M,acrutchao@uol.com.br,6231083,519256.9166666667"
"Jamal Matterson,M,jmattersonaq@bbb.org,18838235,1569852.9166666667"
"Heall Gierek,M,hgierekar@photobucket.com,14160807,1180067.25"
"Casandra Tierney,B,ctierneyas@ocn.ne.jp,13150488,1095874.0"
"Harlan Hargreaves,M,hhargreavesat@redcross.org,9718573,809881.0833333334"
"Jonathon Fairbairn,M,jfairbairnau@flickr.com,17086090,1423840.8333333333"
"Kay Bordone,F,kbordoneav@bandcamp.com,16852841,1404403.4166666667"
"Trenton Reaveley,M,treaveleyaw@sfgate.com,7703839,641986.5833333334"
"Renato Riceards,M,rriceardsax@rakuten.co.jp,2261075,188422.91666666666"
"Glenden Longbottom,M,glongbottomay@bbc.co.uk,14300391,1191699.25"
"Duffie Hierro,M,dhierroaz@oakley.com,17008462,1417371.8333333333"
"Lewiss Breukelman,M,lbreukelmanb0@mac.com,9596827,799735.5833333334"
"Iago Klamman,M,iklammanb1@tumblr.com,7224083,602006.9166666666"
"Shelby Underdown,M,sunderdownb2@studiopress.com,17435660,1452971.6666666667"
"Moyra Clift,F,mcliftb3@yahoo.co.jp,1697876,141489.66666666666"
"Laetitia Louch,F,llouchb4@theglobeandmail.com,17649928,1470827.3333333333"
"Mitchael Kleinsmuntz,P,mkleinsmuntzb5@ucoz.ru,16434807,1369567.25"
"Bernarr Kinvan,M,bkinvanb6@tripadvisor.com,16223519,1351959.9166666667"
"Bogart Blazewicz,M,bblazewiczb7@indiatimes.com,5887324,490610.3333333333"
"Lambert Fraser,M,lfraserb8@cargocollective.com,19872920,1656076.6666666667"
"Kary Agott,F,kagottb9@usa.gov,13051273,1087606.0833333333"
"Abbye Alleyne,F,aalleyneba@boston.com,16957057,1413088.0833333333"
"Falito Tesyro,M,ftesyrobb@sbwire.com,11857017,988084.75"
"Pamelina Bucher,F,pbucherbc@answers.com,16509028,1375752.3333333333"
"Jessee Chalcraft,M,jchalcraftbd@flavors.me,12487635,1040636.25"
"Chelsae De Vaux,F,cdevauxbe@prweb.com,15629071,1302422.5833333333"
"Starr Krolik,F,skrolikbf@icio.us,7037431,586452.5833333334"
"Read Bailiss,M,rbailissbg@skype.com,5815186,484598.8333333333"
"Monique Bolderoe,F,mbolderoebh@e-recht24.de,3062814,255234.5"
"Meg Cogzell,F,mcogzellbi@vkontakte.ru,10390187,865848.9166666666"
"Leicester Dietmar,M,ldietmarbj@cocolog-nifty.com,16047253,1337271.0833333333"
"Thekla Grayston,F,tgraystonbk@nature.com,17004537,1417044.75"
"Timothy Angerstein,M,tangersteinbl@archive.org,12639287,1053273.9166666667"
"Culver Storre,M,cstorrebn@people.com.cn,3063114,255259.5"
"Pace Struan,M,pstruanbo@whitehouse.gov,1317431,109785.91666666667"
"Kippy Satterthwaite,N,ksatterthwaitebp@bbc.co.uk,4132981,344415.0833333333"
"Linc Loveland,M,llovelandbq@godaddy.com,3926449,327204.0833333333"
"Penn Yarrall,M,pyarrallbr@independent.co.uk,6056836,504736.3333333333"
"Raynor Whittles,M,rwhittlesbs@columbia.edu,13664973,1138747.75"
"Jefferson Leborgne,M,jleborgnebt@cloudflare.com,4047069,337255.75"
"Nanette O'Kieran,F,nokieranbu@elegantthemes.com,10728849,894070.75"
"Abraham Borwick,M,aborwickbv@wsj.com,4253367,354447.25"
"Kariotta Enrdigo,F,kenrdigobw@drupal.org,10460092,871674.3333333334"
"Tod Kighly,M,tkighlybx@disqus.com,5894472,491206.0"
"Thea Weddup,F,tweddupby@youku.com,11520707,960058.9166666666"
"Juana Tinghill,F,jtinghillbz@ibm.com,19481001,1623416.75"
"Bondon Cumpsty,M,bcumpstyc1@amazonaws.com,4571077,380923.0833333333"
"Freddy Cowe,M,fcowec2@wisc.edu,1196505,99708.75"
"Brynne Ottawell,F,bottawellc3@cyberchimps.com,4010515,334209.5833333333"
"Sergio Stiebler,M,sstieblerc4@mozilla.org,5558725,463227.0833333333"
"Mahmoud Snuggs,M,msnuggsc5@msu.edu,9945907,828825.5833333334"
"Dixie Garric,F,dgarricc6@rediff.com,18992442,1582703.5"
"Hirsch McMichell,M,hmcmichellc7@scribd.com,13540312,1128359.3333333333"
"Ava Hollingshead,F,ahollingsheadc8@reference.com,16623123,1385260.25"
"Corina Bownass,F,cbownassc9@smugmug.com,18025704,1502142.0"
"Charissa Rounds,F,croundsca@qq.com,18723798,1560316.5"
"Nevil Colquite,M,ncolquitecb@cyberchimps.com,8347011,695584.25"
"Malchy De Beauchemp,M,mdebeauchempcc@hao123.com,12960591,1080049.25"
"Heall Healey,M,hhealeycd@is.gd,16393139,1366094.9166666667"
"Gauthier Ravelus,M,graveluscf@patch.com,18899678,1574973.1666666667"
"Nickie Jordanson,F,njordansoncg@mashable.com,3010787,250898.91666666666"
"Janek Burberye,M,jburberyech@stanford.edu,12991613,1082634.4166666667"
"Frants Belt,G,fbeltci@devhub.com,18764998,1563749.8333333333"
"Titus Perschke,M,tperschkecj@miibeian.gov.cn,8261480,688456.6666666666"
"Kelwin Oles,G,kolesck@about.me,14386846,1198903.8333333333"
"Rosco Cromer,M,rcromercl@census.gov,3865539,322128.25"
"Cull Suttling,M,csuttlingcm@google.com.hk,17740927,1478410.5833333333"
"Sarajane Trudgeon,F,strudgeoncn@salon.com,18846659,1570554.9166666667"
"Derby Allman,M,dallmanco@google.com.br,12196254,1016354.5"
"Gannie Berrick,A,gberrickcp@wufoo.com,14843034,1236919.5"
"Jemie Velde,F,jveldecq@bravesites.com,6661433,555119.4166666666"
"Delainey Konzelmann,P,dkonzelmanncr@ox.ac.uk,14341851,1195154.25"
"Hyacintha Kersley,A,hkersleycs@prweb.com,13221442,1101786.8333333333"
"Kenna Garnham,F,kgarnhamct@cafepress.com,13535098,1127924.8333333333"
"Tudor Ygo,M,tygocu@forbes.com,2000940,166745.0"
"Jeniece Abela,F,jabelacv@cbslocal.com,4379701,364975.0833333333"
"Maximilian Fletcher,M,mfletchercw@squarespace.com,3659911,304992.5833333333"
"Lonee Duckham,F,lduckhamcx@arizona.edu,17343952,1445329.3333333333"
"Dean Pyecroft,M,dpyecroftcy@unc.edu,15760076,1313339.6666666667"
"Sammy Lantoph,M,slantophcz@cyberchimps.com,4495749,374645.75"
"Lilah McDermot,F,lmcdermotd0@bloomberg.com,18884827,1573735.5833333333"
"Doreen Ashlin,F,dashlind1@lycos.com,9036301,753025.0833333334"
"Peria Le Clercq,F,pleclercqd2@msn.com,1020628,85052.33333333333"
"Mathias Monaghan,M,mmonaghand3@e-recht24.de,12013333,1001111.0833333334"
"Kacie Matsell,F,kmatselld4@techcrunch.com,3285290,273774.1666666667"
"Templeton Littlechild,M,tlittlechildd5@joomla.org,10011548,834295.6666666666"
"Stephie Torrans,F,storransd6@phpbb.com,18854780,1571231.6666666667"
"Hilary Warry,F,hwarryd7@moonfruit.com,10000091,833340.9166666666"
"Agnella Persitt,F,apersittd8@unblog.fr,12820327,1068360.5833333333"
"Renee Haberjam,F,rhaberjamd9@spiegel.de,10892587,907715.5833333334"
"Emlynne Lesurf,F,elesurfda@npr.org,10222131,851844.25"
"Sapphira Stuther,F,sstutherdb@google.co.jp,18606494,1550541.1666666667"
"Maire Libermore,F,mlibermoredd@ox.ac.uk,13143601,1095300.0833333333"
"Grace MacWhirter,F,gmacwhirterde@whitehouse.gov,17859495,1488291.25"
"Clarinda MacMickan,F,cmacmickandf@jigsy.com,1233695,102807.91666666667"
"Idalina Martini,G,imartinidg@chronoengine.com,9532907,794408.9166666666"
"Egbert Lively,M,elivelydh@simplemachines.org,19241009,1603417.4166666667"
"Morry Burleton,M,mburletondi@cdc.gov,15262636,1271886.3333333333"
"Vin Earsman,M,vearsmandj@myspace.com,17520811,1460067.5833333333"
"Mamie Mouse,F,mmousedk@dmoz.org,8089063,674088.5833333334"
"Gwendolen Barden,F,gbardendl@stumbleupon.com,12439087,1036590.5833333334"
"Donetta Logesdale,F,dlogesdaledm@msn.com,3187752,265646.0"
"Aubert Neagle,M,aneagledn@oracle.com,17520211,1460017.5833333333"
"Ewell Levee,M,eleveedo@earthlink.net,9298963,774913.5833333334"
"Gabrielle Pelling,F,gpellingdp@cpanel.net,13133672,1094472.6666666667"
"Barrie Attenborough,F,battenboroughdq@yandex.ru,15134727,1261227.25"
"Marwin Pears,A,mpearsdr@techcrunch.com,19728965,1644080.4166666667"
"Salomon Cawood,M,scawoodds@tinyurl.com,12327067,1027255.5833333334"
"Olag Forlonge,N,oforlongedt@blogger.com,17653022,1471085.1666666667"
"Britte Ropars,F,broparsdu@scribd.com,3921301,326775.0833333333"
"Merwin Duguid,M,mduguiddv@bravesites.com,8574841,714570.0833333334"
"Dulcine Sollowaye,F,dsollowayedw@163.com,9267525,772293.75"
"Tiffy Orrin,F,torrindx@businessweek.com,7444203,620350.25"
"Em Elmhurst,N,eelmhurstdy@virginia.edu,3786546,315545.5"
"Rowan Poundsford,M,rpoundsforddz@sina.com.cn,16795178,1399598.1666666667"
"Iormina Ryburn,F,iryburne0@woothemes.com,16550108,1379175.6666666667"
"Martha Heberden,N,mheberdene1@icio.us,1987590,165632.5"
"Rosetta Kerwood,F,rkerwoode2@cpanel.net,19184154,1598679.5"
"Falito Pau,M,fpaue3@freewebs.com,19525206,1627100.5"
"Georas Jinks,G,gjinkse4@home.pl,18669604,1555800.3333333333"
"Margaretta Quainton,F,mquaintone5@cbsnews.com,6727178,560598.1666666666"
"Hy Brunke,M,hbrunkee6@businessinsider.com,13573653,1131137.75"
"Tabitha Redmond,F,tredmonde7@ow.ly,4404776,367064.6666666667"
"Oralia Redington,F,oredingtone8@gravatar.com,1954302,162858.5"
"Base Yoakley,M,byoakleyea@cnbc.com,15214330,1267860.8333333333"
"Pollyanna Tainton,F,ptaintoneb@chicagotribune.com,3627502,302291.8333333333"
"Quinn Luten,M,qlutenec@salon.com,13288440,1107370.0"
"Lou Sharkey,F,lsharkeyed@sitemeter.com,8539732,711644.3333333334"
"Eddy Baudichon,F,ebaudichonee@nsw.gov.au,3597335,299777.9166666667"
"Alida Deex,F,adeexef@sakura.ne.jp,14568430,1214035.8333333333"
"Fran Antley,M,fantleyeg@google.de,19575098,1631258.1666666667"
"Claire Charlotte,M,ccharlotteeh@slashdot.org,4304198,358683.1666666667"
"Hamel Housbey,M,hhousbeyei@mashable.com,10113420,842785.0"
"Simona Handasyde,G,shandasydeej@archive.org,9917950,826495.8333333334"
"Isahella Redsall,F,iredsallek@t.co,18288227,1524018.9166666667"
"Fons MacCrosson,M,fmaccrossonel@bbc.co.uk,10950487,912540.5833333334"
"Burt Olliff,M,bolliffem@archive.org,12826888,1068907.3333333333"
"Andrea Kasper,A,akasperen@rakuten.co.jp,14729223,1227435.25"
"Marketa Fussell,F,mfusselleo@ibm.com,13507617,1125634.75"
"Kurtis Formilli,M,kformilliep@rambler.ru,9226309,768859.0833333334"
"Rand Asch,M,rascheq@netvibes.com,13552031,1129335.9166666667"
"Farleigh Trevear,M,ftrevearer@answers.com,5263962,438663.5"
"Babara Feldmus,F,bfeldmuses@sakura.ne.jp,2773789,231149.08333333334"
"Krisha Gemnett,A,kgemnettet@china.com.cn,6086129,507177.4166666667"
"Lena Sambidge,F,lsambidgeeu@pbs.org,4568460,380705.0"
"Nicholle Chittey,F,nchitteyev@sbwire.com,5574656,464554.6666666667"
"Marni Poser,F,mposerew@mapy.cz,2022554,168546.16666666666"
"Debby Tremmil,F,dtremmilex@irs.gov,15607801,1300650.0833333333"
"Jehu Cuttings,M,jcuttingsey@auda.org.au,16900511,1408375.9166666667"
"Germaine Petow,M,gpetowez@techcrunch.com,6860652,571721.0"
"Lillis Biermatowicz,F,lbiermatowiczf0@jalbum.net,5418340,451528.3333333333"
"Milissent Saintpierre,F,msaintpierref1@go.com,11253571,937797.5833333334"
"Jordan Caccavari,M,jcaccavarif2@barnesandnoble.com,5057280,421440.0"
"Dasie Bertenshaw,F,dbertenshawf3@livejournal.com,4969170,414097.5"
"Barb Trustrie,F,btrustrief4@ucla.edu,10424784,868732.0"
"Torrey Grabert,M,tgrabertf5@dagondesign.com,5813515,484459.5833333333"
"Felike Gerner,M,fgernerf6@webeden.co.uk,17099853,1424987.75"
"Marillin Radborn,F,mradbornf8@goo.gl,4695524,391293.6666666667"
"Lesley Joynt,M,ljoyntf9@google.com.br,10546021,878835.0833333334"
"Burtie Emeney,M,bemeneyfa@uiuc.edu,16747066,1395588.8333333333"
"Fransisco Mayou,M,fmayoufb@zdnet.com,7052393,587699.4166666666"
"Ranna Pavlik,F,rpavlikfc@printfriendly.com,2169523,180793.58333333334"
"Louella Zapata,F,lzapatafd@ehow.com,19948567,1662380.5833333333"
"Clayton Straker,M,cstrakerfe@imageshack.us,8353193,696099.4166666666"
"Mirilla Carnduff,F,mcarnduffff@dot.gov,1024373,85364.41666666667"
"Hans O'Mullally,M,homullallyfg@sohu.com,9487026,790585.5"
"Luis Kersley,M,lkersleyfh@biglobe.ne.jp,5982969,498580.75"
"Reade Beal,M,rbealfi@deliciousdays.com,12980872,1081739.3333333333"
"Edgardo Schrei,M,eschreifj@nsw.gov.au,5893557,491129.75"
"Cathrin Stoneley,F,cstoneleyfk@seattletimes.com,1725712,143809.33333333334"
"Maighdiln Moatt,P,mmoattfl@google.it,19085114,1590426.1666666667"
"Arty Hinchon,M,ahinchonfm@unesco.org,8946994,745582.8333333334"
"Brockie Thurlow,M,bthurlowfn@dailymotion.com,18762872,1563572.6666666667"
"Ewell Whettleton,M,ewhettletonfo@goo.gl,7636943,636411.9166666666"
"Raynor Coutts,M,rcouttsfp@imageshack.us,4638633,386552.75"
"Dru Ingilson,M,dingilsonfq@vk.com,8210145,684178.75"
"Farlay Rapo,M,frapofr@people.com.cn,16981120,1415093.3333333333"
"Ariel Press,G,apressfs@nps.gov,19752839,1646069.9166666667"
"Felike Castellani,M,fcastellanift@cam.ac.uk,15278130,1273177.5"
"Eadith D'Alesco,F,edalescofu@aol.com,14072518,1172709.8333333333"
"Kinsley Lambourne,M,klambournefv@go.com,15396756,1283063.0"
"Oberon Sydall,M,osydallfx@yellowbook.com,1270843,105903.58333333333"
"Abbey Girardetti,M,agirardettify@mapy.cz,19220859,1601738.25"
"Rosmunda Gard,F,rgardfz@independent.co.uk,3219119,268259.9166666667"
"Don Ferreira,M,dferreirag0@altervista.org,19579729,1631644.0833333333"
"Ban Le Sieur,M,blesieurg1@wordpress.org,9251404,770950.3333333334"
"Ilyssa Bowhay,F,ibowhayg2@spotify.com,3921319,326776.5833333333"
"Jackquelin Alsobrook,F,jalsobrookg3@newsvine.com,12526563,1043880.25"
"Jeddy covino,M,jcovinog4@toplist.cz,9018420,751535.0"
"Judith Oxtaby,F,joxtabyg5@go.com,9821903,818491.9166666666"
"Nydia Wibrow,F,nwibrowg6@artisteer.com,8643348,720279.0"
"Kath Daouse,F,kdaouseg7@sitemeter.com,12926677,1077223.0833333333"
"Emlen Nation,M,enationg8@ocn.ne.jp,2056996,171416.33333333334"
"Adele Kabisch,F,akabischg9@admin.ch,11260131,938344.25"
"Irma Summerson,F,isummersonga@newyorker.com,19305136,1608761.3333333333"
"Frazier Avery,M,faverygb@home.pl,10762711,896892.5833333334"
"Isidora Wilks,F,iwilksgc@constantcontact.com,9291336,774278.0"
"Corby Sturzaker,M,csturzakergd@craigslist.org,8679730,723310.8333333334"
"Ammamaria Tossell,F,atossellge@bizjournals.com,3545698,295474.8333333333"
"Theresa Dillintone,F,tdillintonegf@skype.com,15030085,1252507.0833333333"
"Ameline Cosgry,F,acosgrygg@qq.com,4103239,341936.5833333333"
"Paddie Manass,M,pmanassgh@google.nl,8835299,736274.9166666666"
"Maurizio Harpham,M,mharphamgj@ibm.com,6513543,542795.25"
"Forest Staveley,M,fstaveleygl@google.co.jp,13602834,1133569.5"
"De witt Grainge,M,dgraingegm@hugedomains.com,12300262,1025021.8333333334"
"Merline Rudyard,F,mrudyardgn@weibo.com,14588688,1215724.0"
"Gerta Blaxlande,F,gblaxlandegp@csmonitor.com,10285922,857160.1666666666"
"Lefty Thody,M,lthodygq@dot.gov,7512138,626011.5"
"Mikkel Pennone,A,mpennonegs@psu.edu,19201399,1600116.5833333333"
"Cornelius Broadbere,M,cbroadberegt@ucsd.edu,5668793,472399.4166666667"
"Barnett Sandom,M,bsandomgu@scientificamerican.com,6927872,577322.6666666666"
"Alexio Crump,M,acrumpgv@china.com.cn,8935730,744644.1666666666"
"Logan Maypother,M,lmaypothergx@spiegel.de,13367694,1113974.5"
"Jaymee Rosenschein,F,jrosenscheingy@senate.gov,1871885,155990.41666666666"
"Curt McGourty,M,cmcgourtygz@illinois.edu,12476337,1039694.75"
"Dallas MacFaell,F,dmacfaellh0@google.ru,10341015,861751.25"
"Elisabetta Gerding,F,egerdingh1@quantcast.com,1954153,162846.08333333334"
"Alvin Sellack,B,asellackh2@census.gov,11376637,948053.0833333334"
"Calli Arnefield,F,carnefieldh3@unblog.fr,13186655,1098887.9166666667"
"Winnie Innett,M,winnetth4@yellowpages.com,13420015,1118334.5833333333"
"Bari Kenrat,F,bkenrath5@buzzfeed.com,8105284,675440.3333333334"
"Terrill Steagall,M,tsteagallh6@cbc.ca,10623273,885272.75"
"Chilton Deex,M,cdeexh8@virginia.edu,2720901,226741.75"
"Tabbie Garn,M,tgarnh9@comcast.net,1395183,116265.25"
"Wolfgang McKendo,G,wmckendoha@php.net,7313378,609448.1666666666"
"Gherardo Lascell,M,glascellhb@google.cn,15417742,1284811.8333333333"
"Delphinia Enterle,F,denterlehc@github.com,18083493,1506957.75"
"Falito Kaygill,M,fkaygillhd@skype.com,10739384,894948.6666666666"
"Noni Melchior,F,nmelchiorhe@google.com.au,8972516,747709.6666666666"
"Niki Szymaniak,M,nszymaniakhf@mail.ru,7170300,597525.0"
"Lexie Ibert,F,liberthg@mysql.com,1808517,150709.75"
"Dedra Grinsted,F,dgrinstedhh@cbsnews.com,18865617,1572134.75"
"Gayler Esherwood,M,gesherwoodhi@free.fr,19364999,1613749.9166666667"
"Alina Reeme,F,areemehj@webnode.com,2369465,197455.41666666666"
"Bryna Sends,F,bsendshk@aboutads.info,16824107,1402008.9166666667"
"Kassie Devey,A,kdeveyhl@mozilla.com,2907737,242311.41666666666"
"Kiel Pyne,M,kpynehm@unc.edu,2339932,194994.33333333334"
"Correna Ansty,F,canstyho@quantcast.com,10807158,900596.5"
"Mellicent Landy,F,mlandyhp@ucoz.com,16100975,1341747.9166666667"
"Christean Kyncl,G,ckynclhq@narod.ru,10455921,871326.75"
"Sansone Bimrose,M,sbimroseht@ocn.ne.jp,11426080,952173.3333333334"
"Gibby Itzak,M,gitzakhu@blogs.com,15941998,1328499.8333333333"
"Russell Goodwins,N,rgoodwinshv@surveymonkey.com,9327505,777292.0833333334"
"Allard Scurlock,M,ascurlockhw@stanford.edu,14445505,1203792.0833333333"
"Junina Mallall,F,jmallallhx@de.vu,8842767,736897.25"
"Carolus Gavaran,M,cgavaranhy@nationalgeographic.com,4710434,392536.1666666667"
"Hayes Scain,M,hscainhz@businesswire.com,19116201,1593016.75"
"Ozzy Halle,M,ohallei0@washingtonpost.com,8137515,678126.25"
"Joann Buzza,F,jbuzzai1@redcross.org,9696195,808016.25"
"Lars MacGorrie,M,lmacgorriei3@delicious.com,1286269,107189.08333333333"
"Ara Feeley,F,afeeleyi4@wisc.edu,16343475,1361956.25"
"Ignatius Tookill,G,itookilli5@springer.com,5996852,499737.6666666667"
"Philly Zienkiewicz,F,pzienkiewiczi6@quantcast.com,8596285,716357.0833333334"
"Sondra Clowley,F,sclowleyi7@epa.gov,16557409,1379784.0833333333"
"Shayne Kondrachenko,G,skondrachenkoi8@themeforest.net,5819851,484987.5833333333"
"Dario Rickardes,M,drickardesia@list-manage.com,12020558,1001713.1666666666"
"Wilbert Sherrum,M,wsherrumib@alibaba.com,10923848,910320.6666666666"
"Dolley Yelyashev,F,dyelyashevic@time.com,10145508,845459.0"
"Juliet Defew,F,jdefewid@hubpages.com,14213703,1184475.25"
"Lavinia Arthy,F,larthyie@ovh.net,18044372,1503697.6666666667"
"Gussie Benedettini,F,gbenedettiniif@dailymail.co.uk,4032818,336068.1666666667"
"Elia Seals,M,esealsig@princeton.edu,8982432,748536.0"
"Pris Warkup,F,pwarkupih@cdc.gov,18872563,1572713.5833333333"
"Gearalt Powton,M,gpowtonii@berkeley.edu,12567090,1047257.5"
"Read Yearnes,M,ryearnesij@berkeley.edu,8900164,741680.3333333334"
"Shari Cabotto,F,scabottoik@house.gov,8221462,685121.8333333334"
"Waverly Summerbell,M,wsummerbellil@craigslist.org,13681126,1140093.8333333333"
"Clywd Bottleson,M,cbottlesonim@businesswire.com,10181770,848480.8333333334"
"Lea Abdon,F,labdonin@photobucket.com,18039791,1503315.9166666667"
"Moria Comazzo,F,mcomazzoio@bandcamp.com,8571483,714290.25"
"Oneida Taffrey,F,otaffreyip@washington.edu,9064339,755361.5833333334"
"Moise Chasmor,M,mchasmoriq@shareasale.com,13009897,1084158.0833333333"
"Florence Manson,G,fmansonir@wsj.com,10075205,839600.4166666666"
"Philipa Hackforth,F,phackforthis@plala.or.jp,12353808,1029484.0"
"Hewe Nehls,M,hnehlsit@webnode.com,7440560,620046.6666666666"
"Dell Egentan,F,degentaniu@seattletimes.com,14857953,1238162.75"
"Denice Schimaschke,F,dschimaschkeiv@yahoo.com,1636777,136398.08333333334"
"Conroy Reef,M,creefiw@tiny.cc,11971745,997645.4166666666"
"Dilly Bastone,M,dbastoneix@geocities.jp,13756429,1146369.0833333333"
"Candide Batte,F,cbatteiy@admin.ch,9765487,813790.5833333334"
"Vanessa Gair,G,vgairiz@oakley.com,3437395,286449.5833333333"
"Sawyer Gavaghan,P,sgavaghanj0@barnesandnoble.com,2410066,200838.83333333334"
"Gertrude Cowerd,F,gcowerdj1@state.tx.us,1959812,163317.66666666666"
"Royce Snedker,M,rsnedkerj2@addtoany.com,2377972,198164.33333333334"
"Derrek Naden,M,dnadenj3@ibm.com,3286792,273899.3333333333"
"Dot Danilchev,F,ddanilchevj4@comcast.net,17795307,1482942.25"
"Amelita Glowacha,F,aglowachaj5@irs.gov,12274576,1022881.3333333334"
"Yves Gentric,M,ygentricj6@goo.gl,2810154,234179.5"
"Skylar Lazare,M,slazarej7@goo.ne.jp,7199169,599930.75"
"Loria Lissandri,F,llissandrij8@wsj.com,11051415,920951.25"
"Jocko Petranek,M,jpetranekj9@flavors.me,1708418,142368.16666666666"
"Nealson Haskett,M,nhaskettja@prlog.org,13062257,1088521.4166666667"
"Yurik Tofts,P,ytoftsjb@businessinsider.com,8839041,736586.75"
"Sybilla Bagger,F,sbaggerjd@constantcontact.com,9668378,805698.1666666666"
"Winfield Halse,M,whalseje@artisteer.com,17035448,1419620.6666666667"
"Elfie Chilton,F,echiltonjf@fema.gov,11445246,953770.5"
"Ted Philler,M,tphillerjh@canalblog.com,2155408,179617.33333333334"
"Kingsly Leagas,M,kleagasji@com.com,10735163,894596.9166666666"
"Lorry Stuchberry,G,lstuchberryjj@dropbox.com,6396622,533051.8333333334"
"Milty Allibone,M,mallibonejk@t.co,2170968,180914.0"
"Hugh Stoute,M,hstoutejl@paginegialle.it,2099361,174946.75"
"Arne Iddens,M,aiddensjm@chicagotribune.com,3611558,300963.1666666667"
"Brigitte Perrins,F,bperrinsjo@printfriendly.com,6420617,535051.4166666666"
"Jennifer Basili,F,jbasilijp@creativecommons.org,10245163,853763.5833333334"
"Reidar Dowears,M,rdowearsjq@webs.com,7823243,651936.9166666666"
"Jaquenetta Cardo,F,jcardojr@theglobeandmail.com,1063343,88611.91666666667"
"Farley Emanuele,M,femanuelejs@mail.ru,17932294,1494357.8333333333"
"Dillon Pashenkov,G,dpashenkovjt@tumblr.com,16315189,1359599.0833333333"
"Mirabelle Bautiste,F,mbautisteju@gizmodo.com,2861241,238436.75"
"Beryl Vankeev,F,bvankeevjv@reddit.com,10077260,839771.6666666666"
"Morganne Rainbird,F,mrainbirdjw@constantcontact.com,15991273,1332606.0833333333"
"Haydon Micallef,M,hmicallefjx@wikimedia.org,13422201,1118516.75"
"Malissia Wannop,F,mwannopjy@google.ru,5932263,494355.25"
"Benedicto Dudman,M,bdudmanjz@mtv.com,6080380,506698.3333333333"
"Jerry Lippingwell,M,jlippingwellk0@zimbio.com,14358241,1196520.0833333333"
"Jaime Kidstoun,F,jkidstounk1@google.ca,10892734,907727.8333333334"
"Zelma Reboul,F,zreboulk2@economist.com,6299488,524957.3333333334"
"Laurie Coppins,M,lcoppinsk3@geocities.jp,14833071,1236089.25"
"Crin Trayte,F,ctraytek4@mashable.com,17150858,1429238.1666666667"
"Madge Toothill,A,mtoothillk5@cam.ac.uk,19009347,1584112.25"
"Eloise Lehrian,F,elehriank6@topsy.com,3885218,323768.1666666667"
"Reade McSperrin,B,rmcsperrink7@google.co.jp,8376139,698011.5833333334"
"Raleigh Gibb,M,rgibbk8@washingtonpost.com,1792642,149386.83333333334"
"Kinna Ducker,B,kduckerk9@usnews.com,5325311,443775.9166666667"
"Honor Bonde,F,hbondeka@globo.com,8146867,678905.5833333334"
"Hugibert Ingliby,M,hinglibykb@chron.com,13696870,1141405.8333333333"
"Xenia McDuffie,G,xmcduffiekc@sphinn.com,8038666,669888.8333333334"
"Bernardine Thombleson,F,bthomblesonkd@auda.org.au,9961922,830160.1666666666"
"Hyacinth Auston,F,haustonke@hud.gov,14054453,1171204.4166666667"
"Wainwright Walbrun,G,wwalbrunkf@privacy.gov.au,19627887,1635657.25"
"Layney Cudmore,F,lcudmorekg@chronoengine.com,14386838,1198903.1666666667"
"Ainslee Sucre,F,asucrekh@ucoz.ru,14599327,1216610.5833333333"
"Cody Heddy,F,cheddyki@123-reg.co.uk,6619068,551589.0"
"Issy Haggerwood,F,ihaggerwoodkj@ning.com,6277423,523118.5833333333"
"Evey Ewbanche,F,eewbanchekl@facebook.com,3792258,316021.5"
"Jodi Dole,M,jdolekm@buzzfeed.com,5421177,451764.75"
"Marina Windless,F,mwindlesskn@goo.gl,12533019,1044418.25"
"Manny Caldron,M,mcaldronko@cafepress.com,15391670,1282639.1666666667"
"Janka Tevelov,F,jtevelovkp@twitpic.com,18966045,1580503.75"
"Grazia Christoffe,F,gchristoffekq@cisco.com,14146180,1178848.3333333333"
"Zarah Weiner,G,zweinerkr@chron.com,10264287,855357.25"
"Maudie Olechnowicz,F,molechnowiczks@aol.com,16430283,1369190.25"
"Melvin Creagh,M,mcreaghkt@ezinearticles.com,16568638,1380719.8333333333"
"Keslie Ciubutaro,F,kciubutaroku@senate.gov,10161856,846821.3333333334"
"Betteann Oxlade,F,boxladekv@jimdo.com,18178387,1514865.5833333333"
"Broddie Baston,M,bbastonkw@msu.edu,5531784,460982.0"
"Inglis Abramamov,M,iabramamovkx@opera.com,5636862,469738.5"
"Linnea McFfaden,P,lmcffadenky@elpais.com,12334921,1027910.0833333334"
"Rennie Edsall,F,redsallkz@acquirethisname.com,13854794,1154566.1666666667"
"Lorry English,M,lenglishl0@wordpress.org,3553051,296087.5833333333"
"Lonni Probyn,F,lprobynl1@princeton.edu,2416684,201390.33333333334"
"Colleen Purple,F,cpurplel2@hud.gov,10757930,896494.1666666666"
"Karol Letterick,F,kletterickl3@ed.gov,3442701,286891.75"
"Selinda Carle,F,scarlel4@statcounter.com,7690305,640858.75"
"Mallissa Keep,F,mkeepl5@51.la,19770420,1647535.0"
"Theresina Tumilson,F,ttumilsonl6@washington.edu,1680550,140045.83333333334"
"Ferdinande Fogg,F,ffoggl7@fotki.com,9612505,801042.0833333334"
"Alaine Momford,P,amomfordl8@alexa.com,9216314,768026.1666666666"
"Valeda Lody,F,vlodyla@hibu.com,5195887,432990.5833333333"
"Augustin Jefferson,M,ajeffersonlb@businesswire.com,7263849,605320.75"
"Claretta Swallwell,F,cswallwelllc@upenn.edu,9094673,757889.4166666666"
"Zelma Iacovo,F,ziacovold@cyberchimps.com,12466869,1038905.75"
"Georgena Duke,F,gdukele@gov.uk,12504091,1042007.5833333334"
"Lind Tregust,M,ltregustlf@amazonaws.com,13057631,1088135.9166666667"
"Morena Picard,F,mpicardlg@canalblog.com,10770121,897510.0833333334"
"Natale Radeliffe,M,nradeliffelh@artisteer.com,4351059,362588.25"
"Clementina Grissett,F,cgrissettli@xing.com,16592000,1382666.6666666667"
"Buddie Sharples,B,bsharpleslj@sina.com.cn,3502273,291856.0833333333"
"Bonnie Joll,F,bjolllk@blogspot.com,3575076,297923.0"
"Rodi Vigietti,F,rvigiettill@howstuffworks.com,13914626,1159552.1666666667"
"Gaylene Ivetts,F,givettslm@devhub.com,1343265,111938.75"
"Avrom McNay,M,amcnayln@vistaprint.com,9357167,779763.9166666666"
"Albie Deeprose,M,adeeproselo@discuz.net,13398075,1116506.25"
"Nydia Deveril,F,ndeverillp@nps.gov,18242113,1520176.0833333333"
"Yank Bamfield,M,ybamfieldlq@paypal.com,7689465,640788.75"
"Tailor O'Shevlin,M,toshevlinlr@merriam-webster.com,15359190,1279932.5"
"Gerardo Brightling,G,gbrightlingls@sfgate.com,8530930,710910.8333333334"
"Tabbi Currey,A,tcurreylt@themeforest.net,1459903,121658.58333333333"
"Gris Mohun,M,gmohunlu@wikimedia.org,13778588,1148215.6666666667"
"Prent Bletsoe,M,pbletsoelv@yolasite.com,3900288,325024.0"
"Mart Stubley,M,mstubleylw@ovh.net,14602688,1216890.6666666667"
"Bryant Aingell,M,baingelllx@theguardian.com,6513661,542805.0833333334"
"Cole Peller,M,cpellerly@fotki.com,3132155,261012.91666666666"
"Justis Brisse,M,jbrisselz@washingtonpost.com,10674499,889541.5833333334"
"Catlee Danielian,F,cdanielianm1@g.co,3567892,297324.3333333333"
"Carla Baxill,F,cbaxillm2@alibaba.com,7601877,633489.75"
"Saxon Poure,M,spourem3@prnewswire.com,15956039,1329669.9166666667"
"Danit Ruggier,F,druggierm4@fc2.com,18903446,1575287.1666666667"
"Erick Dackombe,M,edackombem5@wsj.com,10935483,911290.25"
"Isidore Branchet,M,ibranchetm6@plala.or.jp,7043732,586977.6666666666"
"Jessy Arnaudin,F,jarnaudinm7@usatoday.com,16971241,1414270.0833333333"
"Harvey Keemer,M,hkeemerm8@cmu.edu,11670569,972547.4166666666"
"Pippa Saunton,F,psauntonm9@geocities.com,4992947,416078.9166666667"
"Felipa Laycock,A,flaycockma@usatoday.com,8470932,705911.0"
"Nadeen Downton,P,ndowntonmb@jugem.jp,2296111,191342.58333333334"
"Bobbette Grimwad,F,bgrimwadmc@vimeo.com,14343369,1195280.75"
"Amber Gawith,A,agawithmd@newyorker.com,14556477,1213039.75"
"Julita Hammand,F,jhammandme@google.com.br,3257757,271479.75"
"Egor Patrie,M,epatriemf@google.ru,6307138,525594.8333333334"
"Thebault Huckerby,P,thuckerbymg@nytimes.com,6934131,577844.25"
"Ferdinande Flaonier,F,fflaoniermh@yandex.ru,12770497,1064208.0833333333"
"Sean Jiggens,M,sjiggensmi@dyndns.org,17175231,1431269.25"
"Aubert Measey,M,ameaseymj@usnews.com,19896047,1658003.9166666667"
"Sheri McCoughan,F,smccoughanmk@disqus.com,10225284,852107.0"
"Benton Endricci,M,bendricciml@unblog.fr,10852747,904395.5833333334"
"Linell Annable,F,lannablemm@businesswire.com,8486285,707190.4166666666"
"Rivalee Enriquez,F,renriquezmn@globo.com,16099797,1341649.75"
"Jerrie Elijah,A,jelijahmo@sakura.ne.jp,14191436,1182619.6666666667"
"Kristofer Sirmon,M,ksirmonmp@opera.com,13357684,1113140.3333333333"
"Sibby Keynes,F,skeynesmq@ibm.com,7022010,585167.5"
"August Stockell,M,astockellmr@miitbeian.gov.cn,16744591,1395382.5833333333"
"Torre Solan,M,tsolanms@yellowbook.com,10122143,843511.9166666666"
"Kalli Micklem,F,kmicklemmt@ebay.co.uk,4565423,380451.9166666667"
"Karrie Mazin,F,kmazinmu@eepurl.com,16613575,1384464.5833333333"
"Hetty Stanmore,F,hstanmoremv@newyorker.com,4584536,382044.6666666667"
"Mead Saxelby,A,msaxelbymw@163.com,15323697,1276974.75"
"Allina Garriock,F,agarriockmx@samsung.com,7816957,651413.0833333334"
"Serene Ravilious,F,sraviliousmy@usda.gov,1780868,148405.66666666666"
"Germain Stanway,M,gstanwaymz@rakuten.co.jp,13897657,1158138.0833333333"
"Ludwig Scullin,M,lscullinn0@live.com,10527878,877323.1666666666"
"Fidela Placstone,F,fplacstonen1@nature.com,2880378,240031.5"
"Towny Gierth,M,tgierthn2@mapquest.com,12732125,1061010.4166666667"
"Tabbie Whyffen,F,twhyffenn3@prnewswire.com,12959517,1079959.75"
"Chelsy Evensden,F,cevensdenn4@odnoklassniki.ru,5238421,436535.0833333333"
"Leone Costello,F,lcostellon5@cmu.edu,17365941,1447161.75"
"Gardie Beviss,M,gbevissn6@bbc.co.uk,7140376,595031.3333333334"
"Glynda Rodwell,F,grodwelln7@alibaba.com,3386180,282181.6666666667"
"Selia Bassford,F,sbassfordn8@1688.com,6757495,563124.5833333334"
"Val Rubinsohn,F,vrubinsohnn9@cyberchimps.com,16309346,1359112.1666666667"
"Stace Saunier,F,ssaunierna@youtu.be,19490777,1624231.4166666667"
"Truda Dunlop,F,tdunlopnb@parallels.com,19014197,1584516.4166666667"
"Suzi Kinder,F,skindernc@sohu.com,3774645,314553.75"
"Abra Blundon,F,ablundonnd@skype.com,19820631,1651719.25"
"Dyan Farrington,F,dfarringtonne@phoca.cz,15532311,1294359.25"
"May Burgill,F,mburgillnf@miibeian.gov.cn,11312061,942671.75"
"Fowler Brunetti,M,fbrunetting@unicef.org,16190814,1349234.5"
"Karlik Pook,M,kpooknh@soup.io,18780313,1565026.0833333333"
"Mallorie Izkovitch,F,mizkovitchni@moonfruit.com,19951971,1662664.25"
"Clayton Philippart,M,cphilippartnj@aboutads.info,5731949,477662.4166666667"
"Kissie Guillard,F,kguillardnk@google.it,6725443,560453.5833333334"
"Rebecka O Mullen,G,romullennl@dyndns.org,18309675,1525806.25"
"Mareah Gepp,F,mgeppnm@usnews.com,19883603,1656966.9166666667"
"Susann Attac,F,sattacnn@sfgate.com,16015293,1334607.75"
"Kirby Seamen,F,kseamenno@yahoo.co.jp,2174414,181201.16666666666"
"Levy D'eye,A,ldeyenp@imageshack.us,2594904,216242.0"
"Sheffy Antrobus,M,santrobusnq@clickbank.net,13745720,1145476.6666666667"
"Stillman Hulmes,M,shulmesnr@who.int,12530860,1044238.3333333334"
"Dorthy Sides,F,dsidesns@bigcartel.com,18734228,1561185.6666666667"
"Crosby Till,M,ctillnt@businessinsider.com,14274687,1189557.25"
"Emeline Damsell,F,edamsellnu@youku.com,11095075,924589.5833333334"
"Rees Hainey`,M,rhaineynv@trellian.com,7637131,636427.5833333334"
"Giusto Stapford,M,gstapfordnw@ihg.com,14456489,1204707.4166666667"
"Gabrila Tithacott,F,gtithacottnx@yandex.ru,14851706,1237642.1666666667"
"Lonna Coke,F,lcokeny@unblog.fr,11887744,990645.3333333334"
"Fulton Deavall,M,fdeavallnz@flickr.com,12174988,1014582.3333333334"
"Ruggiero Nevitt,M,rnevitto0@dailymail.co.uk,2972664,247722.0"
"Ilysa McCarthy,G,imccarthyo1@seesaa.net,7891883,657656.9166666666"
"Celesta Bezants,F,cbezantso2@eepurl.com,6959424,579952.0"
"Rosette Styant,F,rstyanto3@nps.gov,3073636,256136.33333333334"
"Marya Balsdone,P,mbalsdoneo4@wufoo.com,18221686,1518473.8333333333"
"Chaim Codron,M,ccodrono5@xrea.com,1113393,92782.75"
"Briney Gass,F,bgasso6@tmall.com,5491652,457637.6666666667"
"Sauveur Hover,M,shovero7@sakura.ne.jp,6802380,566865.0"
"Olivie Heis,F,oheiso8@oakley.com,18353872,1529489.3333333333"
"Miller Skarman,M,mskarmano9@pbs.org,2674003,222833.58333333334"
"Charmian Pockey,F,cpockeyoa@fotki.com,8438698,703224.8333333334"
"Dedra Hadwen,F,dhadwenob@blogger.com,12466053,1038837.75"
"Garrott Babonau,M,gbabonauoc@pagesperso-orange.fr,15924606,1327050.5"
"Mercedes Spurritt,F,mspurrittod@posterous.com,10850432,904202.6666666666"
"Philomena Checo,F,pchecooe@arstechnica.com,7273644,606137.0"
"Linnell Mixworthy,F,lmixworthyof@nymag.com,10776267,898022.25"
"Flori Houselee,F,fhouseleeog@noaa.gov,8467318,705609.8333333334"
"Arlina Kovacs,F,akovacsoh@cmu.edu,5277153,439762.75"
"Leoline Wadmore,F,lwadmoreoi@newsvine.com,10632845,886070.4166666666"
"Conny Cordero,M,ccorderooj@virginia.edu,6674580,556215.0"
"Ester Canto,F,ecantook@hud.gov,12952020,1079335.0"
"Dannie Beavon,F,dbeavonol@admin.ch,5748668,479055.6666666667"
"Tibold Norheny,M,tnorhenyom@wordpress.org,2375487,197957.25"
"Vevay Durnin,F,vdurninon@feedburner.com,14611313,1217609.4166666667"
"Stephan Corn,M,scornoo@biglobe.ne.jp,7722185,643515.4166666666"
"Elka Arminger,F,earmingerop@nytimes.com,2056401,171366.75"
"Cheri Bantick,F,cbantickoq@ning.com,1640387,136698.91666666666"
"Anna-diana Houseley,F,ahouseleyor@de.vu,12280474,1023372.8333333334"
"Welsh Strase,M,wstraseos@sogou.com,7547482,628956.8333333334"
"Ricardo Kroger,M,rkrogerot@surveymonkey.com,19093320,1591110.0"
"Christin McGiffie,F,cmcgiffieou@theatlantic.com,9756135,813011.25"
"Maegan Fer,F,mferov@hp.com,3787954,315662.8333333333"
"Sybilla Philipp,F,sphilippow@issuu.com,6610087,550840.5833333334"
"Barny Hargraves,M,bhargravesoy@cloudflare.com,7329906,610825.5"
"Candida Lochrie,F,clochrieoz@mtv.com,13411308,1117609.0"
"Gracia Rudledge,G,grudledgep0@tumblr.com,18462992,1538582.6666666667"
"Elora Freckleton,F,efreckletonp1@wsj.com,12326362,1027196.8333333334"
"Dell Kubera,F,dkuberap2@fastcompany.com,5458374,454864.5"
"Jackelyn McWhirter,F,jmcwhirterp3@webs.com,19713147,1642762.25"
"Annnora Sandlin,F,asandlinp4@cbslocal.com,6226276,518856.3333333333"
"Cherilynn Degoey,F,cdegoeyp5@tiny.cc,13524266,1127022.1666666667"
"Jennette Elgee,F,jelgeep6@blogs.com,6653379,554448.25"
"Adrian Alison,F,aalisonp7@t.co,14945733,1245477.75"
"Mikey Sears,M,msearsp8@sciencedaily.com,16152572,1346047.6666666667"
"Rowland Bottelstone,M,rbottelstonep9@dropbox.com,15853710,1321142.5"
"Sammy Ingraham,F,singrahampa@sciencedirect.com,18739908,1561659.0"
"Duffie Kempe,M,dkempepb@digg.com,11097907,924825.5833333334"
"Bertine Hawkey,F,bhawkeypc@last.fm,19968589,1664049.0833333333"
"Sauncho Cesaric,M,scesaricpd@slate.com,15380891,1281740.9166666667"
"Torey Leonarde,F,tleonardepe@walmart.com,4195904,349658.6666666667"
"Kattie Sambiedge,F,ksambiedgepf@thetimes.co.uk,8363450,696954.1666666666"
"Chip McFarlane,M,cmcfarlanepi@nbcnews.com,3313617,276134.75"
"Flossie Agronski,F,fagronskipj@mit.edu,1545675,128806.25"
"Vonny Cominoli,P,vcominolipk@elegantthemes.com,5530899,460908.25"
"Fraze Dietsche,N,fdietschepl@google.nl,5255925,437993.75"
"Malinde Brusin,F,mbrusinpm@engadget.com,18722701,1560225.0833333333"
"Ellery Filintsev,M,efilintsevpn@ning.com,7928008,660667.3333333334"
"Ronnie O' Cloney,M,rocloneypp@alexa.com,8642107,720175.5833333334"
"Burgess Curwen,M,bcurwenpq@gizmodo.com,2033727,169477.25"
"Blythe Le Grys,F,blegryspr@networkadvertising.org,7600396,633366.3333333334"
"Barbie Henrych,F,bhenrychps@histats.com,18624762,1552063.5"
"Brittni Vynehall,F,bvynehallpt@unesco.org,10633883,886156.9166666666"
"Emelia Fardo,G,efardopu@gnu.org,8578600,714883.3333333334"
"Kendre Lie,F,kliepv@ebay.co.uk,11752556,979379.6666666666"
"Clarie Broodes,B,cbroodespw@kickstarter.com,1344297,112024.75"
"Lindi Bullus,N,lbulluspx@goodreads.com,2362525,196877.08333333334"
"Wendie Klimowicz,F,wklimowiczpy@about.com,14804614,1233717.8333333333"
"Fitzgerald Wardhough,M,fwardhoughpz@jiathis.com,13406469,1117205.75"
"Kip Schurcke,M,kschurckeq0@mayoclinic.com,16296681,1358056.75"
"Ronny Milland,F,rmillandq1@shop-pro.jp,17494411,1457867.5833333333"
"Maureen Blacket,F,mblacketq2@jugem.jp,10127546,843962.1666666666"
"Jacintha Magrannell,F,jmagrannellq3@ustream.tv,1834649,152887.41666666666"
"Warren Brittles,M,wbrittlesq4@goo.ne.jp,18054413,1504534.4166666667"
"Skipper Hame,M,shameq5@noaa.gov,9164832,763736.0"
"Sharleen Tutton,F,stuttonq6@whitehouse.gov,19219025,1601585.4166666667"
"Garth Shewon,M,gshewonq7@usa.gov,11006490,917207.5"
"Milton Woodhams,M,mwoodhamsq8@wikimedia.org,6350929,529244.0833333334"
"Lissi Hallahan,A,lhallahanq9@disqus.com,11705990,975499.1666666666"
"Barth Yewdell,M,byewdellqa@ocn.ne.jp,7580244,631687.0"
"York Roggeman,M,yroggemanqb@newsvine.com,1729683,144140.25"
"Patrizio Donisi,M,pdonisiqc@printfriendly.com,4189941,349161.75"
"Tessa Dallewater,F,tdallewaterqd@mysql.com,14375313,1197942.75"
"Dicky Hinemoor,M,dhinemoorqe@plala.or.jp,6911431,575952.5833333334"
"Renato Lehrmann,M,rlehrmannqf@tuttocitta.it,2766640,230553.33333333334"
"Wenonah Kitchen,F,wkitchenqg@bbc.co.uk,15354985,1279582.0833333333"
"Gustavus Penner,M,gpennerqh@360.cn,2649275,220772.91666666666"
"Leroi Pybus,M,lpybusqi@time.com,1904451,158704.25"
"Ricoriki Lugsdin,M,rlugsdinqj@cbc.ca,19353744,1612812.0"
"Gay Benthall,M,gbenthallqk@blogs.com,2402290,200190.83333333334"
"Roseanne Titmuss,F,rtitmussql@constantcontact.com,5179484,431623.6666666667"
"Dru Hulkes,F,dhulkesqm@ucoz.com,19011043,1584253.5833333333"
"Cele Hercock,F,chercockqn@e-recht24.de,2568431,214035.91666666666"
"Al Tesseyman,N,atesseymanqo@sun.com,4040195,336682.9166666667"
"Flem Matisoff,M,fmatisoffqq@so-net.ne.jp,11952136,996011.3333333334"
"Isacco Ives,M,iivesqr@fotki.com,13380697,1115058.0833333333"
"Walther Carrier,M,wcarrierqs@devhub.com,14828376,1235698.0"
"Rodney Klampt,M,rklamptqt@gizmodo.com,17937705,1494808.75"
"Miguel Erskine,M,merskinequ@ihg.com,12952334,1079361.1666666667"
"Abba Thormwell,P,athormwellqv@epa.gov,1077319,89776.58333333333"
"Meredithe Hague,F,mhagueqw@wordpress.org,1445845,120487.08333333333"
"Mariele Lepard,F,mlepardqx@webeden.co.uk,15497944,1291495.3333333333"
"Hetti Tremlett,F,htremlettqy@eventbrite.com,19182963,1598580.25"
"Jerald Bingle,M,jbingleqz@google.com,4564676,380389.6666666667"
"Cherise Flippelli,F,cflippellir0@spiegel.de,9968811,830734.25"
"Colman Hatherley,M,chatherleyr1@jugem.jp,11378559,948213.25"
"Pauline Franses,N,pfransesr2@mediafire.com,4855218,404601.5"
"Kayla Brithman,F,kbrithmanr3@sbwire.com,8271522,689293.5"
"Flore Ludford,F,fludfordr4@blogtalkradio.com,5952558,496046.5"
"Odille Gerlts,F,ogerltsr5@xrea.com,2385108,198759.0"
"Josi Do,F,jdor6@weibo.com,3496209,291350.75"
"Madlen Rixon,G,mrixonr7@wisc.edu,15074820,1256235.0"
"Bo Sparhawk,M,bsparhawkr8@mozilla.com,14427811,1202317.5833333333"
"Sabrina Forrester,F,sforresterr9@cpanel.net,9960439,830036.5833333334"
"Dorothea Liddicoat,F,dliddicoatra@blogtalkradio.com,7021277,585106.4166666666"
"Isahella Dewett,F,idewettrb@seesaa.net,5278231,439852.5833333333"
"Leone Cossar,F,lcossarrc@sakura.ne.jp,13213340,1101111.6666666667"
"Kari Corbett,F,kcorbettrd@google.nl,17108037,1425669.75"
"Joye Common,F,jcommonre@eventbrite.com,15751635,1312636.25"
"Temp Dametti,M,tdamettirf@marketwatch.com,7883863,656988.5833333334"
"Dorise Kestell,F,dkestellrg@homestead.com,1637228,136435.66666666666"
"Ansel Horwell,M,ahorwellrh@dmoz.org,13091971,1090997.5833333333"
"Violante Cisson,F,vcissonrj@mapquest.com,6720861,560071.75"
"Roley D'Alesio,M,rdalesiork@domainmarket.com,17506460,1458871.6666666667"
"Obadiah Vannini,M,ovanninirl@parallels.com,4520570,376714.1666666667"
"Margaret Caughey,F,mcaugheyrm@ucoz.com,15056304,1254692.0"
"Rolando Muirden,M,rmuirdenrn@harvard.edu,8798869,733239.0833333334"
"Norine Vido,F,nvidoro@wix.com,8277403,689783.5833333334"
"Mimi Fetherston,F,mfetherstonrp@wired.com,2522775,210231.25"
"Suzanne Devonside,F,sdevonsiderq@cyberchimps.com,16757596,1396466.3333333333"
"Roddie Gehringer,M,rgehringerrr@java.com,14224221,1185351.75"
