"1,Dorothee,Kyneton,dkyneton0@dmoz.org,Female,Product Management"
"2,Flori,Jachtym,fjachtym1@about.com,Female,Human Resources"
"3,Michelina,Jerrom,mjerrom2@spiegel.de,Female,Engineering"
"4,Justinian,Longega,jlongega3@dailymail.co.uk,Male,Accounting"
"5,Lia,McCritchie,lmccritchie4@exblog.jp,Female,Business Development"
"6,Tudor,Upshall,tupshall5@wikia.com,Male,Engineering"
"7,Cordie,Alsford,calsford6@i2i.jp,Female,Product Management"
"8,Fina,Jenkin,fjenkin7@narod.ru,Female,Legal"
"9,Matty,Measen,mmeasen8@sourceforge.net,Female,Sales"
"10,Brunhilde,Walling,bwalling9@google.com.br,Female,Support"
"11,Levin,Totaro,ltotaroa@reddit.com,Male,Engineering"
"12,Dominica,Messer,dmesserb@deviantart.com,Female,Training"
"13,Elise,Eronie,eeroniec@ocn.ne.jp,Female,Product Management"
"14,Tedi,Gudeman,tgudemand@vk.com,Female,Legal"
"15,Teri,Moens,tmoense@vistaprint.com,Non-binary,Services"
"16,Robin,Livesey,rliveseyf@discovery.com,Female,Product Management"
"17,Dorris,Birney,dbirneyg@pbs.org,Female,Sales"
"18,Ally,Folomkin,afolomkinh@marketwatch.com,Female,Engineering"
"19,Kip,Phayre,kphayrei@cdc.gov,Female,Engineering"
"20,Sebastiano,McKinnon,smckinnonj@ucsd.edu,Male,Product Management"
"21,Berenice,Bunnell,bbunnellk@nytimes.com,Female,Support"
"22,Brianna,Bagot,bbagotl@soundcloud.com,Female,Support"
"23,Arvie,Iacobucci,aiacobuccim@cbsnews.com,Male,Legal"
"24,Vincent,Haycraft,vhaycraftn@ning.com,Male,Accounting"
"25,Florri,Abelwhite,fabelwhiteo@sphinn.com,Female,Research and Development"
"26,Sigismund,Merrin,smerrinp@ning.com,Male,Engineering"
"27,Addy,Takos,atakosq@cmu.edu,Male,Support"
"28,Eleanor,Pinnick,epinnickr@wikia.com,Female,Accounting"
"29,Natalie,Duckering,nduckerings@amazonaws.com,Genderqueer,Business Development"
"30,Sabina,Circuitt,scircuittt@tumblr.com,Female,Sales"
"31,Granthem,Cleator,gcleatoru@oakley.com,Male,Services"
"32,Wheeler,Matejic,wmatejicv@bloomberg.com,Male,Engineering"
"33,Cleve,Coston,ccostonw@simplemachines.org,Male,Product Management"
"34,Ladonna,McKean,lmckeanx@php.net,Female,Marketing"
"35,Sidney,Tidswell,stidswelly@oracle.com,Male,Legal"
"36,Hanni,Swindells,hswindellsz@hatena.ne.jp,Female,Product Management"
"37,Dorrie,Abthorpe,dabthorpe10@princeton.edu,Female,Services"
"38,Valle,Sleightholme,vsleightholme11@quantcast.com,Male,Accounting"
"39,Irena,Frankling,ifrankling12@a8.net,Female,Support"
"40,Tadio,Prue,tprue13@gmpg.org,Male,Legal"
"41,Nerty,Molson,nmolson14@columbia.edu,Female,Research and Development"
"42,Aubry,Cornwall,acornwall15@webnode.com,Female,Accounting"
"43,Alberta,Wards,awards16@cocolog-nifty.com,Bigender,Legal"
"44,Giraud,Kilborn,gkilborn17@privacy.gov.au,Male,Accounting"
"45,Cecily,Denyukhin,cdenyukhin18@weebly.com,Agender,Engineering"
"46,Dorri,Sedgman,dsedgman19@sciencedaily.com,Genderqueer,Accounting"
"47,Neille,Settle,nsettle1a@washingtonpost.com,Female,Training"
"48,Tandie,MacIlory,tmacilory1b@va.gov,Female,Training"
"49,Amalle,de Clerq,adeclerq1c@usgs.gov,Female,Engineering"
"50,Caddric,Denyer,cdenyer1d@tripod.com,Polygender,Marketing"
