id,first_name,last_name,email,gender,dept
1,Arabella,Douse,adouse0@fotki.com,Female,Research and Development
2,Francisco,Gagan,fgagan1@sohu.com,Male,Research and Development
3,Justino,Sampson,jsampson2@weebly.com,Agender,Business Development
4,Layton,Bradburne,lbradburne3@pcworld.com,Male,Legal
5,Gallagher,Gairdner,ggairdner4@istockphoto.com,Male,Product Management
6,Lanna,Alred,lalred5@domainmarket.com,Female,Product Management
7,Talbot,Upshall,tupshall6@e-recht24.de,Male,Product Management
8,Leoine,Pauel,lpauel7@earthlink.net,Female,Sales
9,Norri,Lutas,nlutas8@google.com,Agender,Engineering
10,Lacie,Losemann,llosemann9@msn.com,Female,Training
11,Kenny,Higgan,khiggana@irs.gov,Male,Business Development
12,Sophia,Keyho,skeyhob@yahoo.com,Female,Accounting
13,Claudie,Huddlestone,chuddlestonec@naver.com,Female,Product Management
14,Brynne,Freckingham,bfreckinghamd@columbia.edu,Female,Training
15,Auberon,Clewlow,aclewlowe@arstechnica.com,Male,Accounting
16,Kliment,Eseler,keselerf@weibo.com,Male,Legal
17,Stearn,Hollington,shollingtong@marriott.com,Male,Engineering
18,Lynea,Kinkade,lkinkadeh@skyrock.com,Female,Business Development
19,Stevy,Halbert,shalberti@nationalgeographic.com,Male,Business Development
20,Babbette,Sewall,bsewallj@uiuc.edu,Female,Services
21,Melodie,Edgcombe,medgcombek@walmart.com,Female,Training
22,Marian,Dukesbury,mdukesburyl@opensource.org,Female,Business Development
23,Kamila,Stalley,kstalleym@army.mil,Female,Business Development
24,Farlay,Diggle,fdigglen@e-recht24.de,Agender,Engineering
25,Brooks,Curle,bcurleo@blinklist.com,Female,Research and Development
26,Brinn,Faulkener,bfaulkenerp@phpbb.com,Female,Sales
27,Humfrid,Castiglioni,hcastiglioniq@clickbank.net,Male,Training
28,Cammy,Feehery,cfeeheryr@goo.ne.jp,Bigender,Marketing
29,Ulrikaumeko,Outibridge,uoutibridges@nbcnews.com,Female,Business Development
30,Christian,Forstall,cforstallt@eepurl.com,Female,Business Development
31,Ugo,Ribchester,uribchesteru@hao123.com,Male,Support
32,Fredia,John,fjohnv@unblog.fr,Female,Services
33,Odelia,Moggan,omogganw@weebly.com,Female,Engineering
34,Charmain,Corley,ccorleyx@macromedia.com,Female,Business Development
35,Hollis,Fayers,hfayersy@1688.com,Male,Business Development
36,Cristin,MacDunleavy,cmacdunleavyz@washingtonpost.com,Female,Marketing
37,Hymie,Le Strange,hlestrange10@geocities.com,Male,Support
38,Kleon,Klasing,kklasing11@goo.gl,Male,Engineering
39,Libby,Blemings,lblemings12@who.int,Female,Sales
40,Britte,Braidford,bbraidford13@omniture.com,Female,Training
41,Aurelie,Bode,abode14@bravesites.com,Female,Human Resources
42,Angelina,Carlan,acarlan15@vistaprint.com,Female,Support
43,Worth,Neller,wneller16@joomla.org,Male,Human Resources
44,Minnaminnie,Cosson,mcosson17@squidoo.com,Female,Product Management
45,Irv,Plaister,iplaister18@geocities.com,Male,Business Development
46,Johny,Bendik,jbendik19@nhs.uk,Male,Legal
47,Juan,Spittal,jspittal1a@eventbrite.com,Male,Sales
48,Willow,Woller,wwoller1b@google.fr,Female,Support
49,Wade,Guilliatt,wguilliatt1c@arstechnica.com,Male,Training
50,Merilyn,Lucy,mlucy1d@cnbc.com,Female,Legal
51,Sonja,Nurden,snurden1e@huffingtonpost.com,Female,Legal
52,Sigismund,Edwards,sedwards1f@hostgator.com,Male,Product Management
53,Birgit,Carnegy,bcarnegy1g@theglobeandmail.com,Female,Business Development
54,Victor,Trubshawe,vtrubshawe1h@umich.edu,Male,Services
55,Avigdor,Guillet,aguillet1i@berkeley.edu,Male,Research and Development
56,Morna,Keer,mkeer1j@webmd.com,Female,Training
57,Ericha,Hinze,ehinze1k@princeton.edu,Female,Engineering
58,Latrina,Gersam,lgersam1l@csmonitor.com,Female,Product Management
59,Karil,Poinsett,kpoinsett1m@biglobe.ne.jp,Female,Research and Development
60,Stearne,Amos,samos1n@networkadvertising.org,Male,Sales
61,Bink,Lakin,blakin1o@technorati.com,Male,Services
62,Anne-marie,Norssister,anorssister1p@macromedia.com,Genderfluid,Engineering
63,Reynold,Shallo,rshallo1q@tiny.cc,Male,Business Development
64,Mame,Burfoot,mburfoot1r@hatena.ne.jp,Female,Legal
65,Katrine,Caurah,kcaurah1s@yahoo.co.jp,Female,Accounting
66,Jessy,Jorden,jjorden1t@cisco.com,Female,Services
67,Bald,Medlen,bmedlen1u@dropbox.com,Male,Sales
68,Fae,Gotthard,fgotthard1v@sbwire.com,Female,Sales
69,Skipper,Carle,scarle1w@paginegialle.it,Male,Training
70,Kleon,Kisar,kkisar1x@businessweek.com,Male,Marketing
71,Case,Goodyer,cgoodyer1y@msn.com,Male,Engineering
72,Neilla,Usborn,nusborn1z@drupal.org,Female,Support
73,Hayes,Mc Gaughey,hmcgaughey20@oracle.com,Male,Product Management
74,Tisha,Farreil,tfarreil21@joomla.org,Female,Services
75,Waite,O'Cannavan,wocannavan22@bravesites.com,Male,Accounting
76,Marcelia,Callingham,mcallingham23@furl.net,Female,Business Development
77,Amabel,Readwood,areadwood24@123-reg.co.uk,Female,Sales
78,Xylina,Woolger,xwoolger25@barnesandnoble.com,Female,Training
79,Jolie,Blakiston,jblakiston26@tinypic.com,Female,Business Development
80,Tommie,Flute,tflute27@squidoo.com,Male,Services
81,Gaile,Scotson,gscotson28@timesonline.co.uk,Male,Research and Development
82,Diandra,Damerell,ddamerell29@webnode.com,Female,Marketing
83,Nollie,Dawdry,ndawdry2a@foxnews.com,Male,Research and Development
84,Gian,Gabbatt,ggabbatt2b@unicef.org,Male,Legal
85,Gustave,Griniov,ggriniov2c@reverbnation.com,Male,Services
86,Remy,Greeves,rgreeves2d@artisteer.com,Female,Engineering
87,Alden,Whitsey,awhitsey2e@naver.com,Male,Accounting
88,Beltran,Fellos,bfellos2f@vk.com,Male,Product Management
89,Diannne,Karpf,dkarpf2g@sciencedaily.com,Female,Training
90,Corney,Elner,celner2h@bloomberg.com,Male,Sales
91,Berkley,Hussy,bhussy2i@cargocollective.com,Male,Human Resources
92,Marketa,St. Quintin,mstquintin2j@ocn.ne.jp,Female,Training
93,Jaclin,Staig,jstaig2k@hugedomains.com,Non-binary,Business Development
94,Edsel,Cutts,ecutts2l@delicious.com,Male,Legal
95,Catlin,Edmead,cedmead2m@bluehost.com,Female,Human Resources
96,Charmion,Dungey,cdungey2n@clickbank.net,Female,Legal
97,Roch,Shutt,rshutt2o@icq.com,Female,Research and Development
98,Beatriz,Cantu,bcantu2p@gravatar.com,Female,Sales
99,Golda,Dreher,gdreher2q@webnode.com,Female,Training
100,Nicol,McCarty,nmccarty2r@mayoclinic.com,Male,Accounting
101,Dianemarie,Hardes,dhardes2s@ebay.com,Female,Engineering
102,Marielle,McCobb,mmccobb2t@umich.edu,Female,Marketing
103,Baird,Dodd,bdodd2u@usnews.com,Male,Training
104,Ives,Stelli,istelli2v@reddit.com,Male,Research and Development
105,Alexis,Sharpe,asharpe2w@cargocollective.com,Female,Business Development
106,Rudolfo,Lay,rlay2x@businessinsider.com,Male,Sales
107,Tova,Cadman,tcadman2y@trellian.com,Female,Product Management
108,Marlon,Crewe,mcrewe2z@admin.ch,Male,Human Resources
109,Janene,Skiggs,jskiggs30@skyrock.com,Bigender,Services
110,Barbabas,Warcup,bwarcup31@arstechnica.com,Male,Product Management
111,Megan,Slainey,mslainey32@samsung.com,Female,Product Management
112,Olivette,Greim,ogreim33@chronoengine.com,Female,Services
113,Nicolis,Motherwell,nmotherwell34@wordpress.org,Male,Product Management
114,Keslie,Mintoft,kmintoft35@cargocollective.com,Female,Accounting
115,Jessika,Daburn,jdaburn36@nsw.gov.au,Female,Business Development
116,Ahmed,Jaegar,ajaegar37@google.cn,Male,Sales
117,Conney,Brice,cbrice38@craigslist.org,Male,Marketing
118,West,Fery,wfery39@i2i.jp,Male,Support
119,Clarie,Skeath,cskeath3a@china.com.cn,Female,Sales
120,Carilyn,Levins,clevins3b@who.int,Female,Sales
121,Julee,Kitman,jkitman3c@ocn.ne.jp,Female,Sales
122,Lil,Vickarman,lvickarman3d@usa.gov,Female,Legal
123,Lauree,Braiden,lbraiden3e@usa.gov,Female,Engineering
124,Laurene,Iglesia,liglesia3f@mapy.cz,Female,Research and Development
125,Alfie,Matuschek,amatuschek3g@google.de,Female,Product Management
126,Penelopa,Safont,psafont3h@comsenz.com,Bigender,Business Development
127,Merwyn,Kelsall,mkelsall3i@mashable.com,Male,Services
128,Rodolph,Balaam,rbalaam3j@odnoklassniki.ru,Male,Marketing
129,Angele,Mordon,amordon3k@cmu.edu,Agender,Training
130,Beale,Phateplace,bphateplace3l@timesonline.co.uk,Male,Research and Development
131,Gilda,Champneys,gchampneys3m@usatoday.com,Female,Business Development
132,Byran,Ager,bager3n@vinaora.com,Male,Business Development
133,Maressa,Grund,mgrund3o@unblog.fr,Female,Research and Development
134,Kendricks,McLelland,kmclelland3p@forbes.com,Male,Training
135,Rosamund,Gook,rgook3q@shutterfly.com,Female,Accounting
136,Emmeline,Voff,evoff3r@craigslist.org,Female,Business Development
137,Garrott,Leah,gleah3s@lulu.com,Male,Services
138,Denni,Wyre,dwyre3t@ask.com,Female,Human Resources
139,Nathanial,Dubble,ndubble3u@artisteer.com,Male,Research and Development
140,Delphine,McConnulty,dmcconnulty3v@1688.com,Female,Research and Development
141,Dickie,Liveley,dliveley3w@cornell.edu,Agender,Legal
142,Derick,Wyeth,dwyeth3x@tuttocitta.it,Male,Human Resources
143,Rawley,Aizikovich,raizikovich3y@mail.ru,Male,Human Resources
144,Thomasin,Nanelli,tnanelli3z@google.de,Female,Human Resources
145,Udale,Chown,uchown40@prnewswire.com,Male,Legal
146,Dasha,Farlane,dfarlane41@squidoo.com,Female,Marketing
147,Nehemiah,Fairhurst,nfairhurst42@edublogs.org,Polygender,Engineering
148,Darb,Lowensohn,dlowensohn43@flickr.com,Female,Research and Development
149,Karlee,Aronstein,karonstein44@google.de,Female,Human Resources
150,Archibaldo,Bunker,abunker45@dell.com,Male,Accounting
151,Roberta,Boother,rboother46@indiegogo.com,Female,Business Development
152,Blondy,Barnard,bbarnard47@booking.com,Female,Human Resources
153,Shantee,Ambrogioni,sambrogioni48@instagram.com,Female,Product Management
154,Wiley,Jessen,wjessen49@dmoz.org,Male,Research and Development
155,Gale,Robelet,grobelet4a@forbes.com,Female,Accounting
156,Gabriel,Cottell,gcottell4b@amazon.de,Male,Support
157,Carlina,List,clist4c@merriam-webster.com,Female,Legal
158,Vasily,Caudray,vcaudray4d@fda.gov,Male,Human Resources
159,Khalil,Lilloe,klilloe4e@sciencedaily.com,Male,Training
160,Emmalynne,McGhee,emcghee4f@economist.com,Female,Product Management
161,Valene,Watkiss,vwatkiss4g@linkedin.com,Female,Services
162,Muffin,Lipmann,mlipmann4h@bluehost.com,Female,Training
163,Godwin,McCullouch,gmccullouch4i@moonfruit.com,Male,Services
164,Caesar,Snoden,csnoden4j@narod.ru,Male,Research and Development
165,Fidelia,St. Leger,fstleger4k@ucoz.com,Female,Sales
166,Law,Noads,lnoads4l@bizjournals.com,Male,Services
167,Denney,Duncklee,dduncklee4m@goodreads.com,Male,Product Management
168,Hube,McKenna,hmckenna4n@digg.com,Bigender,Human Resources
169,Alfy,Batthew,abatthew4o@hud.gov,Female,Legal
170,Stanwood,Tregent,stregent4p@symantec.com,Male,Sales
171,Melania,Murrigan,mmurrigan4q@rediff.com,Female,Product Management
172,Valentina,Hazael,vhazael4r@drupal.org,Female,Accounting
173,Cristiano,Valeri,cvaleri4s@addtoany.com,Male,Services
174,Sybilla,Harly,sharly4t@spotify.com,Female,Support
175,Helsa,Gitting,hgitting4u@github.io,Female,Services
176,Ly,Smeal,lsmeal4v@ameblo.jp,Male,Business Development
177,Brigit,MacLaig,bmaclaig4w@arstechnica.com,Female,Training
178,Guenna,Jan,gjan4x@java.com,Female,Services
179,Tate,Kincla,tkincla4y@over-blog.com,Female,Human Resources
180,Allayne,Gartsyde,agartsyde4z@usda.gov,Male,Research and Development
181,Walsh,Edmunds,wedmunds50@deviantart.com,Male,Marketing
182,Barb,Arboine,barboine51@usnews.com,Female,Business Development
183,Marjory,Mohan,mmohan52@discovery.com,Female,Product Management
184,Loria,Fenn,lfenn53@github.com,Female,Business Development
185,Tripp,Meneur,tmeneur54@sciencedaily.com,Male,Legal
186,Jeramey,Gustus,jgustus55@github.com,Male,Accounting
187,Shela,Jacobowits,sjacobowits56@dailymail.co.uk,Non-binary,Sales
188,Anneliese,Derle,aderle57@360.cn,Female,Human Resources
189,Marcellus,Shallcross,mshallcross58@abc.net.au,Male,Marketing
190,Obed,Spradbrow,ospradbrow59@samsung.com,Male,Human Resources
191,Trumann,Kapelhof,tkapelhof5a@seesaa.net,Male,Product Management
192,Matelda,Briztman,mbriztman5b@51.la,Agender,Sales
193,Jillayne,Egell,jegell5c@vimeo.com,Female,Legal
194,Sheeree,Beazey,sbeazey5d@columbia.edu,Female,Business Development
195,Jilly,Annand,jannand5e@webeden.co.uk,Female,Research and Development
196,Robinia,Amesbury,ramesbury5f@nature.com,Female,Research and Development
197,Dael,Portail,dportail5g@blogspot.com,Non-binary,Sales
198,Margaretha,Chopping,mchopping5h@senate.gov,Female,Support
199,Hollie,Grzegorzewicz,hgrzegorzewicz5i@blinklist.com,Female,Accounting
200,Bearnard,Blaxton,bblaxton5j@posterous.com,Male,Business Development
201,Gregorius,Tours,gtours5k@dion.ne.jp,Male,Legal
202,Graeme,Dignum,gdignum5l@cafepress.com,Male,Engineering
203,Arther,Cumberbatch,acumberbatch5m@barnesandnoble.com,Male,Services
204,Gusty,Leetham,gleetham5n@psu.edu,Female,Product Management
205,Natalya,Minister,nminister5o@ameblo.jp,Female,Product Management
206,Sven,Toopin,stoopin5p@mapquest.com,Male,Product Management
207,Nolan,Babbe,nbabbe5q@dion.ne.jp,Male,Services
208,Quinn,Cockran,qcockran5r@thetimes.co.uk,Agender,Human Resources
209,Jobyna,Fossick,jfossick5s@google.com.hk,Female,Sales
210,Sherwynd,Kimmons,skimmons5t@yahoo.com,Male,Support
211,Leon,Faircliffe,lfaircliffe5u@facebook.com,Male,Support
212,Waly,Clemenzo,wclemenzo5v@chicagotribune.com,Female,Marketing
213,Gareth,Kermitt,gkermitt5w@google.pl,Male,Business Development
214,Hubert,Dumbrall,hdumbrall5x@networksolutions.com,Male,Training
215,Fawn,Bradly,fbradly5y@soup.io,Female,Sales
216,Shermie,Ethelston,sethelston5z@icio.us,Male,Support
217,Jeth,Penquet,jpenquet60@macromedia.com,Male,Business Development
218,Sascha,Tall,stall61@google.pl,Female,Product Management
219,Bobbye,Guirau,bguirau62@macromedia.com,Female,Research and Development
220,Rowney,Rafe,rrafe63@usatoday.com,Male,Accounting
221,Ame,Gavrielly,agavrielly64@odnoklassniki.ru,Female,Human Resources
222,Callida,Slemming,cslemming65@360.cn,Female,Legal
223,Shani,Grise,sgrise66@ca.gov,Female,Engineering
224,Dorrie,Karlik,dkarlik67@a8.net,Female,Marketing
225,Stinky,Spurryer,sspurryer68@nbcnews.com,Male,Sales
226,Chevy,Marre,cmarre69@mtv.com,Male,Human Resources
227,Onfroi,Maine,omaine6a@ocn.ne.jp,Male,Marketing
228,Melvin,Kennifeck,mkennifeck6b@ebay.co.uk,Male,Support
229,Foss,Moyer,fmoyer6c@businessweek.com,Male,Engineering
230,Nathanial,Mosson,nmosson6d@macromedia.com,Male,Human Resources
231,Hailee,Windley,hwindley6e@arizona.edu,Female,Accounting
232,Georgeta,Reinmar,greinmar6f@so-net.ne.jp,Female,Support
233,Lenette,Burvill,lburvill6g@washingtonpost.com,Female,Support
234,Bentlee,Matelaitis,bmatelaitis6h@si.edu,Male,Research and Development
235,Brady,Bachellier,bbachellier6i@baidu.com,Male,Product Management
236,Alessandro,Marflitt,amarflitt6j@omniture.com,Genderqueer,Training
237,Launce,Riby,lriby6k@squarespace.com,Male,Legal
238,Kendrick,Coetzee,kcoetzee6l@stumbleupon.com,Male,Human Resources
239,Hermy,Bisseker,hbisseker6m@infoseek.co.jp,Male,Marketing
240,Deane,Hardwich,dhardwich6n@salon.com,Non-binary,Human Resources
241,Zilvia,Hinder,zhinder6o@yahoo.com,Polygender,Legal
242,Agosto,Fielders,afielders6p@alibaba.com,Male,Human Resources
243,Casie,Rodenburg,crodenburg6q@feedburner.com,Female,Legal
244,Willem,Sommerton,wsommerton6r@desdev.cn,Male,Legal
245,Timothy,Ciccottio,tciccottio6s@reference.com,Male,Services
246,Sianna,Louw,slouw6t@woothemes.com,Female,Business Development
247,Clayton,Whaplington,cwhaplington6u@reference.com,Non-binary,Sales
248,Dominik,Mustin,dmustin6v@elegantthemes.com,Male,Sales
249,Leora,Tarzey,ltarzey6w@ted.com,Bigender,Research and Development
250,Kiel,Bleythin,kbleythin6x@topsy.com,Male,Support
251,Alasteir,Alelsandrovich,aalelsandrovich6y@linkedin.com,Male,Sales
252,Devy,Hollyer,dhollyer6z@pbs.org,Male,Training
253,Alysa,Seater,aseater70@loc.gov,Female,Support
254,Locke,De Vaar,ldevaar71@shareasale.com,Male,Marketing
255,Bram,Thoresbie,bthoresbie72@github.com,Genderqueer,Human Resources
256,Cory,Hardy-Piggin,chardypiggin73@vistaprint.com,Male,Research and Development
257,Violet,McMeekan,vmcmeekan74@comsenz.com,Female,Business Development
258,Stevena,Grim,sgrim75@istockphoto.com,Female,Engineering
259,Maison,Mallett,mmallett76@noaa.gov,Male,Support
260,Tymon,Perkinson,tperkinson77@mediafire.com,Male,Legal
261,Frank,Vankov,fvankov78@ihg.com,Male,Engineering
262,Selina,Arents,sarents79@wufoo.com,Female,Marketing
263,Amelie,De Vuyst,adevuyst7a@indiegogo.com,Female,Accounting
264,Bar,Gozney,bgozney7b@salon.com,Male,Accounting
265,Sigfried,Cutmare,scutmare7c@skyrock.com,Male,Business Development
266,Weston,Moggie,wmoggie7d@google.cn,Male,Business Development
267,Harcourt,Whimper,hwhimper7e@nih.gov,Male,Accounting
268,Tabb,Cluett,tcluett7f@sciencedaily.com,Male,Support
269,Malchy,Lickess,mlickess7g@eepurl.com,Male,Business Development
270,Northrup,Wynrahame,nwynrahame7h@51.la,Agender,Legal
271,Wandis,Friedlos,wfriedlos7i@newyorker.com,Genderfluid,Research and Development
272,Sydel,Elletson,selletson7j@drupal.org,Female,Accounting
273,Royce,Farmery,rfarmery7k@ted.com,Male,Business Development
274,Maria,Vasilkov,mvasilkov7l@jalbum.net,Female,Research and Development
275,Mady,Jeal,mjeal7m@cbc.ca,Female,Human Resources
276,Bay,Liversidge,bliversidge7n@indiegogo.com,Male,Support
277,Tandie,Evered,tevered7o@webmd.com,Female,Marketing
278,Darcy,Sturt,dsturt7p@quantcast.com,Female,Support
279,Tibold,Stoving,tstoving7q@wordpress.com,Male,Services
280,Gerri,Alyokhin,galyokhin7r@usda.gov,Male,Training
281,Piotr,Chatto,pchatto7s@free.fr,Male,Marketing
282,Michell,Brandacci,mbrandacci7t@joomla.org,Female,Training
283,Brennan,Dionis,bdionis7u@cbsnews.com,Male,Legal
284,Margareta,Tombling,mtombling7v@jiathis.com,Female,Sales
285,Archy,Iianon,aiianon7w@imdb.com,Male,Human Resources
286,Loree,Wade,lwade7x@miibeian.gov.cn,Female,Training
287,Ches,Struijs,cstruijs7y@examiner.com,Male,Business Development
288,Boot,Cuerdall,bcuerdall7z@npr.org,Male,Marketing
289,Odille,Ricards,oricards80@behance.net,Female,Sales
290,Monte,Monnoyer,mmonnoyer81@4shared.com,Male,Training
291,Alfonse,McMeanma,amcmeanma82@tripadvisor.com,Male,Product Management
292,Riobard,Pariss,rpariss83@pcworld.com,Male,Human Resources
293,Neila,Newcome,nnewcome84@usatoday.com,Female,Legal
294,Dory,Dreghorn,ddreghorn85@google.nl,Male,Sales
295,Alejoa,Robbert,arobbert86@vkontakte.ru,Male,Research and Development
296,Brandi,Francescotti,bfrancescotti87@zimbio.com,Female,Research and Development
297,Fabiano,Trouncer,ftrouncer88@geocities.jp,Male,Human Resources
298,Corabelle,Domenichelli,cdomenichelli89@furl.net,Female,Business Development
299,Deidre,Tompion,dtompion8a@cbsnews.com,Female,Legal
300,Hagan,Tomlin,htomlin8b@shinystat.com,Male,Product Management
301,Wylie,Shipman,wshipman8c@lulu.com,Male,Legal
302,Agnesse,Salvador,asalvador8d@cyberchimps.com,Female,Human Resources
303,Wilone,Hanrahan,whanrahan8e@sina.com.cn,Non-binary,Business Development
304,Richmound,Cyson,rcyson8f@businessinsider.com,Male,Sales
305,Bryon,Pavelka,bpavelka8g@homestead.com,Male,Human Resources
306,Zebedee,Boyson,zboyson8h@intel.com,Male,Human Resources
307,Hamish,Yitzowitz,hyitzowitz8i@blogspot.com,Male,Marketing
308,Linet,Swinglehurst,lswinglehurst8j@deviantart.com,Female,Business Development
309,Jefferey,Evert,jevert8k@mayoclinic.com,Male,Product Management
310,Carlie,Dudek,cdudek8l@ycombinator.com,Male,Legal
311,Jilleen,Brolechan,jbrolechan8m@go.com,Female,Support
312,Dorothy,Trumpeter,dtrumpeter8n@reference.com,Female,Services
313,Maurie,Sparke,msparke8o@economist.com,Male,Services
314,Inglebert,Mattingson,imattingson8p@theatlantic.com,Genderfluid,Human Resources
315,Daloris,Kernock,dkernock8q@360.cn,Female,Legal
316,Daniela,Tenbrug,dtenbrug8r@phoca.cz,Female,Marketing
317,Rosemarie,Edgeler,redgeler8s@chron.com,Female,Sales
318,Nicolais,Lexa,nlexa8t@jiathis.com,Male,Support
319,Gar,Fitch,gfitch8u@nyu.edu,Male,Product Management
320,Shae,Gower,sgower8v@clickbank.net,Male,Accounting
321,Cristabel,McGrey,cmcgrey8w@macromedia.com,Polygender,Accounting
322,Constantino,Dorsett,cdorsett8x@multiply.com,Male,Human Resources
323,Walker,Buckby,wbuckby8y@senate.gov,Male,Business Development
324,Ketty,Raiment,kraiment8z@foxnews.com,Female,Marketing
325,Aryn,Bagge,abagge90@pinterest.com,Female,Legal
326,Ernestine,Hallad,ehallad91@irs.gov,Female,Engineering
327,Miriam,Barti,mbarti92@accuweather.com,Female,Business Development
328,Obadiah,McPeck,omcpeck93@ed.gov,Male,Training
329,Cacilie,Pruvost,cpruvost94@bizjournals.com,Female,Support
330,Dame,O' Cuolahan,docuolahan95@csmonitor.com,Male,Human Resources
331,Corie,Jochanany,cjochanany96@ning.com,Female,Support
332,Aloise,Normansell,anormansell97@cbsnews.com,Female,Engineering
333,Lani,Ranscome,lranscome98@adobe.com,Female,Accounting
334,Eveline,Thor,ethor99@npr.org,Polygender,Legal
335,Ingunna,Chretien,ichretien9a@oaic.gov.au,Genderfluid,Product Management
336,Martita,Danilishin,mdanilishin9b@ucsd.edu,Female,Marketing
337,Ardith,Sauvan,asauvan9c@slideshare.net,Polygender,Marketing
338,Beverlie,Mival,bmival9d@chron.com,Female,Training
339,Elfie,Williams,ewilliams9e@topsy.com,Female,Marketing
340,Bennie,Rush,brush9f@friendfeed.com,Male,Business Development
341,Valaree,Aliberti,valiberti9g@plala.or.jp,Female,Research and Development
342,Kinnie,Nineham,knineham9h@4shared.com,Male,Training
343,Warde,Grichukhanov,wgrichukhanov9i@engadget.com,Male,Services
344,Nobe,Nials,nnials9j@npr.org,Male,Training
345,Cariotta,Cunniam,ccunniam9k@constantcontact.com,Female,Product Management
346,Thorn,Cheston,tcheston9l@google.com.br,Male,Research and Development
347,Faun,Lusgdin,flusgdin9m@irs.gov,Female,Product Management
348,Caprice,Moir,cmoir9n@accuweather.com,Female,Human Resources
349,Arda,Niles,aniles9o@godaddy.com,Non-binary,Business Development
350,Christie,Shailer,cshailer9p@cafepress.com,Male,Services
351,Sansone,Kibbel,skibbel9q@bluehost.com,Male,Human Resources
352,Debor,Anstie,danstie9r@amazon.de,Female,Human Resources
353,Raphael,Armatidge,rarmatidge9s@cisco.com,Male,Research and Development
354,Savina,Fusedale,sfusedale9t@hc360.com,Female,Services
355,Aldin,Tweedie,atweedie9u@shop-pro.jp,Male,Business Development
356,Sapphira,McElhargy,smcelhargy9v@slashdot.org,Female,Sales
357,Gunar,Andrat,gandrat9w@networksolutions.com,Male,Engineering
358,Kale,Goodrum,kgoodrum9x@msu.edu,Male,Research and Development
359,Padraig,Craydon,pcraydon9y@nyu.edu,Male,Research and Development
360,Salome,Bestar,sbestar9z@webmd.com,Female,Training
361,Sig,Sewell,ssewella0@who.int,Male,Support
362,Alexandrina,Stenhouse,astenhousea1@java.com,Female,Sales
363,Tabor,Gippes,tgippesa2@cdbaby.com,Male,Engineering
364,Josh,Cutridge,jcutridgea3@wix.com,Male,Training
365,Drud,Delea,ddeleaa4@linkedin.com,Male,Marketing
366,Melloney,Maciaszek,mmaciaszeka5@linkedin.com,Female,Business Development
367,Donny,Eagers,deagersa6@ft.com,Male,Support
368,Mildrid,Sibly,msiblya7@ezinearticles.com,Female,Services
369,Ciel,Gowdy,cgowdya8@ft.com,Female,Research and Development
370,Mady,Schult,mschulta9@ycombinator.com,Female,Services
371,Mattheus,Gooders,mgoodersaa@dot.gov,Male,Support
372,Ingram,Estabrook,iestabrookab@moonfruit.com,Male,Training
373,Celina,Waterdrinker,cwaterdrinkerac@cafepress.com,Polygender,Training
374,Egbert,McCowen,emccowenad@mashable.com,Male,Research and Development
375,Arlen,Noweak,anoweakae@marketwatch.com,Female,Accounting
376,Locke,Walters,lwaltersaf@creativecommons.org,Male,Business Development
377,Price,Wicklin,pwicklinag@paginegialle.it,Male,Business Development
378,Desi,Goodman,dgoodmanah@nymag.com,Male,Sales
379,Glynn,Mackiewicz,gmackiewiczai@godaddy.com,Male,Business Development
380,Florry,Easterbrook,feasterbrookaj@bloomberg.com,Female,Services
381,Vale,Turner,vturnerak@addtoany.com,Female,Research and Development
382,Annemarie,Lefeuvre,alefeuvreal@ifeng.com,Bigender,Legal
383,Anneliese,Caldaro,acaldaroam@weebly.com,Female,Human Resources
384,Artemas,Ruprecht,aruprechtan@ebay.com,Male,Sales
385,Cayla,Assard,cassardao@nymag.com,Female,Accounting
386,Hilliary,Skurm,hskurmap@phoca.cz,Female,Product Management
387,Elmer,Keesman,ekeesmanaq@google.com.au,Male,Legal
388,Linus,Flipek,lflipekar@techcrunch.com,Male,Sales
389,Nikolaus,Bathurst,nbathurstas@so-net.ne.jp,Male,Human Resources
390,Justine,Sitwell,jsitwellat@dion.ne.jp,Genderfluid,Accounting
391,Barbee,Janecek,bjanecekau@dailymail.co.uk,Female,Services
392,Vincenty,Gateshill,vgateshillav@ucoz.com,Male,Business Development
393,Jade,Farnworth,jfarnworthaw@bigcartel.com,Female,Research and Development
394,Mitzi,Leachman,mleachmanax@wsj.com,Female,Services
395,Gabbi,Ducroe,gducroeay@simplemachines.org,Female,Sales
396,Jocelyne,Geare,jgeareaz@vk.com,Female,Marketing
397,Sylvan,Ludl,sludlb0@loc.gov,Male,Training
398,Carson,Bedborough,cbedboroughb1@time.com,Male,Product Management
399,Colly,Agney,cagneyb2@virginia.edu,Female,Services
400,Candida,Murton,cmurtonb3@ocn.ne.jp,Female,Sales
401,Garv,Clemmens,gclemmensb4@purevolume.com,Male,Marketing
402,Rebeka,Lackney,rlackneyb5@loc.gov,Genderqueer,Sales
403,Conant,Dakhov,cdakhovb6@yolasite.com,Male,Engineering
404,Melodee,Vowden,mvowdenb7@independent.co.uk,Female,Training
405,Edvard,Khadir,ekhadirb8@addtoany.com,Male,Sales
406,Edie,Irnys,eirnysb9@google.cn,Female,Support
407,Wilton,Popelay,wpopelayba@rakuten.co.jp,Male,Human Resources
408,Leda,Lahrs,llahrsbb@timesonline.co.uk,Female,Business Development
409,Ray,Williscroft,rwilliscroftbc@pbs.org,Male,Human Resources
410,Reynold,Kaplan,rkaplanbd@blogtalkradio.com,Genderfluid,Services
411,Olav,Ferryn,oferrynbe@amazon.de,Male,Marketing
412,Rebecca,Chichgar,rchichgarbf@narod.ru,Female,Human Resources
413,Thibaut,Naile,tnailebg@domainmarket.com,Male,Marketing
414,Farleigh,Endrizzi,fendrizzibh@smh.com.au,Male,Legal
415,Dill,Fontes,dfontesbi@github.io,Male,Training
416,Eldon,Carine,ecarinebj@cnn.com,Male,Business Development
417,Gale,Nickels,gnickelsbk@cocolog-nifty.com,Male,Marketing
418,Theodore,Riply,triplybl@barnesandnoble.com,Male,Legal
419,Fee,Driscoll,fdriscollbm@prlog.org,Male,Support
420,Lynsey,Dougill,ldougillbn@etsy.com,Female,Legal
421,Florella,Bracegirdle,fbracegirdlebo@dyndns.org,Female,Support
422,Patricio,Taunton.,ptauntonbp@washingtonpost.com,Male,Support
423,Bernette,Peyes,bpeyesbq@oaic.gov.au,Female,Product Management
424,Smith,Kalker,skalkerbr@fda.gov,Genderqueer,Engineering
425,Julia,Waitland,jwaitlandbs@stanford.edu,Female,Marketing
426,Weber,Bedson,wbedsonbt@usgs.gov,Genderfluid,Research and Development
427,Halette,Lardiner,hlardinerbu@twitter.com,Female,Marketing
428,Rod,Scobbie,rscobbiebv@ovh.net,Male,Product Management
429,Shurwood,Feild,sfeildbw@cisco.com,Male,Human Resources
430,Cyndi,Champney,cchampneybx@about.me,Female,Training
431,Nevil,Bernardin,nbernardinby@mozilla.com,Male,Business Development
432,Annamaria,Sconce,asconcebz@stanford.edu,Non-binary,Product Management
433,Giulio,Szymanowicz,gszymanowiczc0@arstechnica.com,Male,Accounting
434,Rufe,Atcock,ratcockc1@ebay.co.uk,Male,Engineering
435,Mei,Sone,msonec2@cbslocal.com,Female,Engineering
436,Thea,Whitloe,twhitloec3@lulu.com,Female,Services
437,Theobald,Illes,tillesc4@mit.edu,Male,Legal
438,Hailey,Stooke,hstookec5@flickr.com,Male,Accounting
439,Elberta,Burgne,eburgnec6@ucla.edu,Female,Product Management
440,Jarrad,Kloss,jklossc7@cornell.edu,Male,Accounting
441,Curr,Amphlett,camphlettc8@google.pl,Male,Services
442,Arvie,Cowdery,acowderyc9@tiny.cc,Male,Marketing
443,Gabbi,Bushrod,gbushrodca@phpbb.com,Female,Research and Development
444,Genia,Hawford,ghawfordcb@shop-pro.jp,Female,Research and Development
445,Wynnie,Swanton,wswantoncc@addthis.com,Female,Training
446,Garwood,de Glanville,gdeglanvillecd@hexun.com,Male,Services
447,Franchot,Skillen,fskillence@linkedin.com,Male,Training
448,Sharon,Tape,stapecf@wp.com,Female,Services
449,Adelaide,McAmish,amcamishcg@nyu.edu,Genderfluid,Product Management
450,Cassi,Spatarul,cspatarulch@lycos.com,Female,Support
451,Egan,Bridel,ebridelci@slate.com,Male,Support
452,Wendall,Heibel,wheibelcj@studiopress.com,Male,Training
453,Montague,Soames,msoamesck@miitbeian.gov.cn,Male,Accounting
454,Norene,Mathison,nmathisoncl@yellowpages.com,Female,Engineering
455,Frederico,Berre,fberrecm@biglobe.ne.jp,Male,Marketing
456,Dodie,Rentilll,drentilllcn@deliciousdays.com,Female,Research and Development
457,Armando,Brownsea,abrownseaco@scientificamerican.com,Male,Sales
458,Leanora,Akast,lakastcp@biglobe.ne.jp,Female,Product Management
459,Hadley,Tonsley,htonsleycq@samsung.com,Male,Sales
460,Simon,Cowperthwaite,scowperthwaitecr@admin.ch,Male,Business Development
461,Dave,Cortes,dcortescs@cafepress.com,Male,Product Management
462,Fancie,Aspinal,faspinalct@list-manage.com,Female,Support
463,Phil,Muzzlewhite,pmuzzlewhitecu@tinypic.com,Male,Business Development
464,Jeni,Clayden,jclaydencv@xrea.com,Female,Research and Development
465,Wilow,Lomasna,wlomasnacw@smh.com.au,Female,Business Development
466,Giacinta,Boner,gbonercx@princeton.edu,Female,Support
467,Levey,Bulfit,lbulfitcy@twitter.com,Male,Human Resources
468,Gwenore,Fries,gfriescz@npr.org,Female,Research and Development
469,Finley,Longdon,flongdond0@unc.edu,Male,Human Resources
470,Raquela,Eustace,reustaced1@ustream.tv,Female,Sales
471,Shandee,Lavrick,slavrickd2@ihg.com,Female,Services
472,Nan,Thurby,nthurbyd3@thetimes.co.uk,Female,Marketing
473,Verla,Studdert,vstuddertd4@xing.com,Female,Product Management
474,Hamish,Stearn,hstearnd5@slate.com,Male,Training
475,Kalie,Hobbing,khobbingd6@spiegel.de,Female,Accounting
476,Ewart,Bodycomb,ebodycombd7@sohu.com,Male,Human Resources
477,Trisha,Boorn,tboornd8@newyorker.com,Female,Services
478,Madge,Thew,mthewd9@zimbio.com,Female,Marketing
479,Ogden,Jankovic,ojankovicda@un.org,Male,Engineering
480,Augy,Crumpe,acrumpedb@ucla.edu,Male,Services
481,Garek,Possel,gposseldc@meetup.com,Male,Marketing
482,Roobbie,Felton,rfeltondd@japanpost.jp,Female,Product Management
483,Lloyd,Blethin,lblethinde@1688.com,Male,Support
484,Penny,Guiver,pguiverdf@webmd.com,Genderqueer,Accounting
485,Valenka,Jeanel,vjeaneldg@tiny.cc,Agender,Sales
486,Mady,Adamsson,madamssondh@amazonaws.com,Female,Accounting
487,Willamina,Wisdish,wwisdishdi@businesswire.com,Female,Product Management
488,Linoel,Aujouanet,laujouanetdj@msu.edu,Male,Product Management
489,Talya,O'Reilly,toreillydk@businessinsider.com,Female,Services
490,Toby,Frounks,tfrounksdl@ihg.com,Male,Research and Development
491,Tybalt,Eric,tericdm@skyrock.com,Male,Legal
492,Rheta,Swayton,rswaytondn@craigslist.org,Female,Sales
493,Abelard,Coon,acoondo@yolasite.com,Male,Accounting
494,Kippie,Mugridge,kmugridgedp@wikia.com,Male,Business Development
495,Devy,Southey,dsoutheydq@1und1.de,Polygender,Research and Development
496,Zena,Dobsons,zdobsonsdr@uiuc.edu,Female,Accounting
497,Carmel,Schriren,cschrirends@lycos.com,Female,Legal
498,Dona,Teml,dtemldt@about.com,Genderqueer,Training
499,Skipper,Caroli,scarolidu@technorati.com,Male,Accounting
500,Danica,Malicki,dmalickidv@usatoday.com,Female,Accounting
501,Sammy,Clever,scleverdw@spotify.com,Female,Research and Development
502,Benny,Gerant,bgerantdx@adobe.com,Male,Research and Development
503,Fidelio,Brayley,fbrayleydy@va.gov,Male,Accounting
504,Carmon,Lillyman,clillymandz@sfgate.com,Female,Business Development
505,Odella,Edensor,oedensore0@china.com.cn,Agender,Research and Development
506,Katleen,Bowller,kbowllere1@wired.com,Female,Support
507,Olav,Hakonsson,ohakonssone2@princeton.edu,Male,Engineering
508,Aluino,Maling,amalinge3@chronoengine.com,Polygender,Product Management
509,Sybyl,Brunsden,sbrunsdene4@squidoo.com,Female,Research and Development
510,Simeon,Magowan,smagowane5@creativecommons.org,Male,Services
511,Margarethe,Largen,mlargene6@cmu.edu,Female,Business Development
512,Maurise,Ubsdall,mubsdalle7@paypal.com,Male,Marketing
513,Evelina,Shucksmith,eshucksmithe8@paginegialle.it,Non-binary,Human Resources
514,Nettle,Barstock,nbarstocke9@fc2.com,Female,Support
515,Meyer,Rheubottom,mrheubottomea@google.com.hk,Male,Marketing
516,Job,Ambrogelli,jambrogellieb@nifty.com,Male,Human Resources
517,Lotte,Swetenham,lswetenhamec@epa.gov,Female,Human Resources
518,Dorella,Jezzard,djezzarded@usgs.gov,Female,Support
519,Fergus,Persich,fpersichee@sourceforge.net,Male,Human Resources
520,Siffre,Brosini,sbrosinief@tripadvisor.com,Male,Engineering
521,Danika,Burditt,dburditteg@intel.com,Female,Research and Development
522,Ailina,Stanlike,astanlikeeh@wordpress.com,Female,Training
523,Ulrika,Fibbitts,ufibbittsei@wix.com,Female,Accounting
524,Bryon,Cawsy,bcawsyej@state.gov,Polygender,Product Management
525,Alfons,Valsler,avalslerek@yandex.ru,Male,Services
526,Freemon,Chesson,fchessonel@shop-pro.jp,Male,Business Development
527,Whitby,Coward,wcowardem@is.gd,Male,Engineering
528,Edithe,Swinyard,eswinyarden@netlog.com,Female,Services
529,Davey,Embling,demblingeo@google.es,Male,Sales
530,Janelle,Normabell,jnormabellep@merriam-webster.com,Female,Marketing
531,Dionisio,Wimlet,dwimleteq@wunderground.com,Agender,Human Resources
532,Deane,Mulqueen,dmulqueener@edublogs.org,Female,Marketing
533,Holly,Corson,hcorsones@cbslocal.com,Male,Marketing
534,Sawyere,Josefowicz,sjosefowiczet@jimdo.com,Male,Training
535,Hortensia,Rawles,hrawleseu@vk.com,Female,Human Resources
536,Thomasina,Alfonzo,talfonzoev@about.com,Female,Research and Development
537,Tamar,Yewdall,tyewdallew@ow.ly,Female,Human Resources
538,Ebeneser,Onele,eoneleex@ehow.com,Male,Research and Development
539,Demetre,Duckit,dduckitey@imdb.com,Male,Marketing
540,Caitlin,Tackell,ctackellez@gov.uk,Female,Business Development
541,Donaugh,Bonome,dbonomef0@stanford.edu,Male,Human Resources
542,Jordan,de Castelain,jdecastelainf1@example.com,Male,Product Management
543,Emilio,Scola,escolaf2@skyrock.com,Genderqueer,Training
544,Peg,MacGilfoyle,pmacgilfoylef3@pbs.org,Female,Services
545,Peg,Mish,pmishf4@dedecms.com,Female,Accounting
546,Cheston,Armor,carmorf5@ycombinator.com,Male,Product Management
547,Early,Lembrick,elembrickf6@upenn.edu,Male,Support
548,Aloise,Ashbrook,aashbrookf7@spiegel.de,Female,Support
549,Rowe,Kittless,rkittlessf8@nyu.edu,Female,Research and Development
550,Cathryn,Zannuto,czannutof9@cdc.gov,Female,Legal
551,Ashely,Spearett,aspearettfa@utexas.edu,Female,Sales
552,Thaddus,Klaassens,tklaassensfb@webmd.com,Male,Services
553,Georas,Babbs,gbabbsfc@cafepress.com,Male,Research and Development
554,Jasen,Sifleet,jsifleetfd@scribd.com,Male,Marketing
555,Alvera,Pearcy,apearcyfe@cnn.com,Female,Engineering
556,Maryjane,Honig,mhonigff@vkontakte.ru,Female,Support
557,Ross,Oakey,roakeyfg@timesonline.co.uk,Male,Product Management
558,Whitman,Beckford,wbeckfordfh@amazon.de,Male,Research and Development
559,Deidre,Rosenberg,drosenbergfi@economist.com,Female,Research and Development
560,Boniface,Prince,bprincefj@godaddy.com,Male,Business Development
561,Belicia,Filinkov,bfilinkovfk@forbes.com,Female,Accounting
562,Flynn,Fairburn,ffairburnfl@examiner.com,Male,Legal
563,Zaccaria,Grave,zgravefm@cnet.com,Male,Business Development
564,Shelly,McCuaig,smccuaigfn@e-recht24.de,Female,Human Resources
565,Deny,Mussen,dmussenfo@prlog.org,Female,Business Development
566,Claudian,Barabisch,cbarabischfp@oaic.gov.au,Male,Services
567,Ronalda,Kindall,rkindallfq@123-reg.co.uk,Female,Accounting
568,Osbert,Shevelin,oshevelinfr@csmonitor.com,Male,Product Management
569,Odette,Collister,ocollisterfs@eventbrite.com,Polygender,Services
570,Andres,Dabney,adabneyft@imageshack.us,Male,Training
571,Laureen,Fullwood,lfullwoodfu@adobe.com,Female,Product Management
572,Xever,Fallows,xfallowsfv@paypal.com,Male,Sales
573,Humbert,Paule,hpaulefw@privacy.gov.au,Male,Product Management
574,Melitta,Peakman,mpeakmanfx@stanford.edu,Female,Engineering
575,Yancey,Verty,yvertyfy@cdbaby.com,Male,Support
576,Ginny,Baudichon,gbaudichonfz@salon.com,Female,Support
577,Andromache,Plait,aplaitg0@sakura.ne.jp,Female,Support
578,Ritchie,Higford,rhigfordg1@prlog.org,Non-binary,Support
579,Romain,Trowsdall,rtrowsdallg2@istockphoto.com,Bigender,Human Resources
580,Batholomew,Marvel,bmarvelg3@google.ca,Male,Services
581,My,Korba,mkorbag4@salon.com,Male,Legal
582,Raul,Martignon,rmartignong5@sohu.com,Male,Services
583,Dixie,Raccio,dracciog6@washington.edu,Female,Training
584,Briano,Maryon,bmaryong7@phoca.cz,Male,Training
585,Arleyne,Biagioni,abiagionig8@free.fr,Female,Engineering
586,Shurlocke,Prescote,sprescoteg9@woothemes.com,Polygender,Training
587,Almeta,Lorek,alorekga@icio.us,Bigender,Marketing
588,Marsiella,Harrington,mharringtongb@tinypic.com,Female,Accounting
589,Fons,Hamshaw,fhamshawgc@china.com.cn,Male,Legal
590,Si,Madigan,smadigangd@netvibes.com,Male,Human Resources
591,Arch,Fones,afonesge@eventbrite.com,Genderfluid,Research and Development
592,Natalee,Camelia,ncameliagf@github.io,Female,Human Resources
593,Nixie,Stolworthy,nstolworthygg@adobe.com,Female,Product Management
594,Danna,Ingliss,dinglissgh@europa.eu,Female,Business Development
595,Ynes,Steuart,ysteuartgi@reverbnation.com,Female,Legal
596,Tiff,Dysart,tdysartgj@ucsd.edu,Genderqueer,Accounting
597,Annette,McCleary,amcclearygk@java.com,Female,Services
598,Cyrillus,Tzar,ctzargl@independent.co.uk,Male,Marketing
599,Helge,Cottem,hcottemgm@irs.gov,Non-binary,Business Development
600,Rudolfo,Giacomello,rgiacomellogn@dyndns.org,Non-binary,Engineering
601,Stace,Mapledoram,smapledoramgo@utexas.edu,Female,Engineering
602,Melissa,Bruck,mbruckgp@cnn.com,Female,Training
603,Joe,Oager,joagergq@gov.uk,Male,Training
604,Zola,Grimmolby,zgrimmolbygr@icio.us,Female,Research and Development
605,Mandy,Coleborn,mcoleborngs@time.com,Female,Legal
606,Allx,Lemary,alemarygt@cpanel.net,Female,Product Management
607,Arlana,Sissens,asissensgu@sfgate.com,Female,Product Management
608,Sharron,Eagle,seaglegv@fastcompany.com,Female,Human Resources
609,Lily,Daens,ldaensgw@ox.ac.uk,Female,Business Development
610,Cleopatra,Neno,cnenogx@multiply.com,Female,Support
611,Jannelle,Magog,jmagoggy@macromedia.com,Female,Marketing
612,Emmott,Mitkcov,emitkcovgz@bloglovin.com,Male,Product Management
613,Teirtza,Alpin,talpinh0@w3.org,Female,Training
614,Lauritz,Dantesia,ldantesiah1@cdc.gov,Male,Legal
615,Jean,Pirrey,jpirreyh2@nifty.com,Female,Research and Development
616,Adam,Swinfen,aswinfenh3@techcrunch.com,Male,Support
617,Junina,Ksandra,jksandrah4@sphinn.com,Female,Product Management
618,Sky,Dack,sdackh5@tiny.cc,Male,Research and Development
619,Moira,Gerrish,mgerrishh6@soundcloud.com,Female,Training
620,Gaston,McConnell,gmcconnellh7@deviantart.com,Male,Legal
621,Jeffy,Gonet,jgoneth8@posterous.com,Male,Engineering
622,Brittni,Frowd,bfrowdh9@opera.com,Female,Engineering
623,Lily,Dunston,ldunstonha@addthis.com,Female,Services
624,Fee,Brandoni,fbrandonihb@de.vu,Male,Business Development
625,Marjie,Ellicott,mellicotthc@pcworld.com,Female,Accounting
626,Barbie,O' Hern,bohernhd@vkontakte.ru,Female,Human Resources
627,Jareb,Bowstead,jbowsteadhe@wufoo.com,Male,Legal
628,Damian,Selwyne,dselwynehf@diigo.com,Male,Services
629,Candide,Stanger,cstangerhg@bloomberg.com,Female,Services
630,Timothee,Polino,tpolinohh@feedburner.com,Male,Research and Development
631,Mercedes,Ranscomb,mranscombhi@indiatimes.com,Female,Research and Development
632,Ingemar,Pawson,ipawsonhj@baidu.com,Male,Research and Development
633,Bell,Barbara,bbarbarahk@ca.gov,Polygender,Business Development
634,Dicky,Senner,dsennerhl@guardian.co.uk,Male,Legal
635,Brennan,Westgate,bwestgatehm@ihg.com,Male,Training
636,Gawain,Beggs,gbeggshn@tumblr.com,Male,Legal
637,Rufe,Pantin,rpantinho@youtu.be,Male,Human Resources
638,Damiano,Parell,dparellhp@wordpress.com,Male,Human Resources
639,Jeffry,Yes,jyeshq@goo.gl,Male,Engineering
640,Clare,Dashwood,cdashwoodhr@fotki.com,Female,Human Resources
641,Rudy,Fitchett,rfitchetths@t.co,Male,Accounting
642,Melvyn,Hunnybun,mhunnybunht@dailymail.co.uk,Male,Business Development
643,Gibb,Rabbitts,grabbittshu@discuz.net,Male,Training
644,Buffy,Harburtson,bharburtsonhv@myspace.com,Bigender,Marketing
645,Ingaberg,Elcoat,ielcoathw@ox.ac.uk,Female,Product Management
646,Brendis,Waything,bwaythinghx@skyrock.com,Male,Business Development
647,Mollie,Ferrarello,mferrarellohy@youku.com,Female,Research and Development
648,Cristie,Brunelli,cbrunellihz@woothemes.com,Female,Support
649,Cristi,Hickisson,chickissoni0@mit.edu,Bigender,Business Development
650,Vonni,Josephoff,vjosephoffi1@wikipedia.org,Female,Engineering
651,Duane,Breinl,dbreinli2@free.fr,Male,Research and Development
652,Loralyn,Reddan,lreddani3@washingtonpost.com,Female,Marketing
653,Gilbert,Tonge,gtongei4@reddit.com,Male,Research and Development
654,Odelinda,Jillings,ojillingsi5@freewebs.com,Female,Training
655,Fawne,Brobyn,fbrobyni6@macromedia.com,Female,Human Resources
656,Marlo,Daton,mdatoni7@eepurl.com,Male,Product Management
657,Twila,Baldini,tbaldinii8@baidu.com,Female,Training
658,Kasper,Wettern,kwetterni9@jiathis.com,Male,Engineering
659,Lavina,Deering,ldeeringia@hao123.com,Female,Research and Development
660,Heinrik,Aspy,haspyib@netscape.com,Male,Product Management
661,Sibylla,Gruczka,sgruczkaic@mapy.cz,Female,Human Resources
662,Ennis,Mattsson,emattssonid@paypal.com,Male,Business Development
663,Dexter,Agerskow,dagerskowie@edublogs.org,Male,Research and Development
664,Keven,Golds,kgoldsif@diigo.com,Male,Legal
665,Tremaine,Orteu,torteuig@hostgator.com,Male,Research and Development
666,Edi,Wooddisse,ewooddisseih@over-blog.com,Female,Accounting
667,Freida,Kramer,fkramerii@purevolume.com,Female,Services
668,Timothee,Jendrassik,tjendrassikij@imdb.com,Male,Accounting
669,Orelee,Haquin,ohaquinik@tripod.com,Female,Training
670,Madalena,Bresson,mbressonil@merriam-webster.com,Non-binary,Marketing
671,Pavia,Hacquard,phacquardim@photobucket.com,Female,Accounting
672,Marjie,Sommerlie,msommerliein@ted.com,Female,Legal
673,Clementius,Bidwell,cbidwellio@creativecommons.org,Male,Human Resources
674,Timothee,Pyson,tpysonip@spotify.com,Male,Training
675,Tuckie,Howlett,thowlettiq@privacy.gov.au,Male,Product Management
676,Pembroke,Jiggen,pjiggenir@scribd.com,Male,Services
677,Terri,Paynes,tpaynesis@angelfire.com,Male,Human Resources
678,Marlee,Leah,mleahit@booking.com,Female,Legal
679,Oswell,Wilkennson,owilkennsoniu@wired.com,Agender,Support
680,Kimberlyn,Deane,kdeaneiv@foxnews.com,Female,Sales
681,Chicky,Roskeilly,croskeillyiw@wix.com,Male,Marketing
682,Lynnette,Caldaro,lcaldaroix@github.com,Female,Training
683,Augustin,Guye,aguyeiy@eepurl.com,Genderfluid,Product Management
684,Wolf,Meneo,wmeneoiz@amazon.co.uk,Male,Human Resources
685,Eldridge,Ungerecht,eungerechtj0@google.com,Male,Training
686,Elia,Peters,epetersj1@theguardian.com,Male,Accounting
687,Niall,Minogue,nminoguej2@china.com.cn,Male,Business Development
688,Lenna,Sigge,lsiggej3@ihg.com,Non-binary,Support
689,Kerr,Yanuk,kyanukj4@tumblr.com,Male,Training
690,Brooke,Gooch,bgoochj5@ehow.com,Female,Services
691,Vern,Gabrieli,vgabrielij6@miibeian.gov.cn,Male,Marketing
692,Tammara,Willden,twilldenj7@squarespace.com,Female,Marketing
693,Rainer,Huggard,rhuggardj8@jugem.jp,Male,Product Management
694,Kerrin,Brodhead,kbrodheadj9@clickbank.net,Female,Services
695,Sonya,Menier,smenierja@sina.com.cn,Female,Product Management
696,Aarika,Jewson,ajewsonjb@scientificamerican.com,Female,Marketing
697,Isador,Lonnon,ilonnonjc@cisco.com,Male,Research and Development
698,Noella,Cotta,ncottajd@nhs.uk,Female,Research and Development
699,Georgeanne,Deerness,gdeernessje@bluehost.com,Bigender,Human Resources
700,Vanya,Fearnill,vfearnilljf@ihg.com,Bigender,Sales
701,Lanny,Maxwaile,lmaxwailejg@live.com,Polygender,Support
702,Leoine,MacGebenay,lmacgebenayjh@adobe.com,Female,Engineering
703,Colas,Ivatts,civattsji@umn.edu,Male,Accounting
704,Gray,Schwieso,gschwiesojj@alexa.com,Male,Business Development
705,Josselyn,Gosney,jgosneyjk@taobao.com,Female,Training
706,Annabel,Colliber,acolliberjl@is.gd,Polygender,Human Resources
707,Cherye,Cheeney,ccheeneyjm@umich.edu,Female,Legal
708,Giacobo,Entres,gentresjn@kickstarter.com,Male,Business Development
709,Reade,Friedank,rfriedankjo@clickbank.net,Male,Product Management
710,Marven,Szubert,mszubertjp@wired.com,Male,Sales
711,Margarette,Wisher,mwisherjq@photobucket.com,Female,Training
712,Alis,Korn,akornjr@bluehost.com,Female,Support
713,Ruy,Bromwich,rbromwichjs@de.vu,Male,Marketing
714,Kathlin,Kinnerley,kkinnerleyjt@ucoz.com,Female,Engineering
715,Katrina,Arstingall,karstingallju@tinyurl.com,Female,Accounting
716,Cassandra,Gwinnett,cgwinnettjv@yahoo.com,Female,Training
717,Allen,Nattriss,anattrissjw@walmart.com,Male,Human Resources
718,Annabal,Rachuig,arachuigjx@nationalgeographic.com,Female,Business Development
719,Nixie,Pietzke,npietzkejy@abc.net.au,Female,Legal
720,Lorianne,Shepton,lsheptonjz@cornell.edu,Genderqueer,Engineering
721,Gayle,Cayle,gcaylek0@blogger.com,Genderfluid,Business Development
722,Corney,Loody,cloodyk1@homestead.com,Male,Marketing
723,Vernen,Garahan,vgarahank2@usgs.gov,Male,Support
724,Hester,Cordelette,hcordelettek3@umich.edu,Female,Support
725,Korry,Mosen,kmosenk4@yale.edu,Female,Human Resources
726,Joshuah,Chadderton,jchaddertonk5@gmpg.org,Male,Training
727,Montgomery,Cornbell,mcornbellk6@macromedia.com,Male,Research and Development
728,Simone,Kervin,skervink7@unblog.fr,Female,Support
729,Kaja,Parkes,kparkesk8@dailymail.co.uk,Female,Business Development
730,Ami,Daveley,adaveleyk9@microsoft.com,Female,Services
731,Margaretta,Currell,mcurrellka@cornell.edu,Female,Research and Development
732,Madison,Rexworthy,mrexworthykb@t.co,Male,Legal
733,Ragnar,Macy,rmacykc@cam.ac.uk,Bigender,Accounting
734,Mose,De Malchar,mdemalcharkd@upenn.edu,Male,Human Resources
735,Porty,Hatcher,phatcherke@storify.com,Male,Sales
736,Avictor,Ripping,arippingkf@newsvine.com,Male,Legal
737,Livvy,Label,llabelkg@home.pl,Female,Support
738,Barbey,Olivet,bolivetkh@bizjournals.com,Female,Sales
739,Tommie,Lightowler,tlightowlerki@latimes.com,Male,Accounting
740,Elspeth,Geeves,egeeveskj@deviantart.com,Female,Services
741,Jerrold,FitzAlan,jfitzalankk@exblog.jp,Male,Research and Development
742,Hildegaard,Byfford,hbyffordkl@csmonitor.com,Female,Product Management
743,Georges,Eddowes,geddoweskm@constantcontact.com,Non-binary,Research and Development
744,Carlina,Stranger,cstrangerkn@unc.edu,Female,Engineering
745,Janeva,Yeowell,jyeowellko@usnews.com,Female,Product Management
746,Carlynne,Dachey,cdacheykp@oaic.gov.au,Female,Legal
747,Laurens,Maren,lmarenkq@163.com,Male,Research and Development
748,Violette,Warrener,vwarrenerkr@1und1.de,Female,Product Management
749,Larissa,Haily,lhailyks@netscape.com,Female,Engineering
750,Trudey,Edmondson,tedmondsonkt@unc.edu,Female,Sales
751,Netta,Wyard,nwyardku@hc360.com,Female,Product Management
752,Othella,Tear,otearkv@wired.com,Female,Services
753,Malena,Paragreen,mparagreenkw@virginia.edu,Female,Human Resources
754,Arch,Rantoul,arantoulkx@yellowpages.com,Male,Business Development
755,Tori,Bapty,tbaptyky@woothemes.com,Female,Accounting
756,Marylynne,Juggings,mjuggingskz@instagram.com,Female,Support
757,Jessika,McPheat,jmcpheatl0@dagondesign.com,Female,Engineering
758,Mavis,Odda,moddal1@1688.com,Female,Product Management
759,Franni,Bechley,fbechleyl2@mail.ru,Female,Training
760,Lionel,Gimlet,lgimletl3@etsy.com,Male,Product Management
761,Kati,Zamorrano,kzamorranol4@japanpost.jp,Female,Product Management
762,Randi,Epine,repinel5@sun.com,Male,Engineering
763,Callean,Rzehor,crzehorl6@wordpress.com,Male,Human Resources
764,Parker,Pavey,ppaveyl7@army.mil,Male,Marketing
765,Lotty,Habgood,lhabgoodl8@comsenz.com,Female,Legal
766,Helyn,Skippon,hskipponl9@vk.com,Female,Engineering
767,Joaquin,Aldridge,jaldridgela@businesswire.com,Non-binary,Product Management
768,Jethro,Daws,jdawslb@odnoklassniki.ru,Male,Services
769,Mohandis,Dable,mdablelc@salon.com,Male,Accounting
770,Stephen,Yakebovich,syakebovichld@mashable.com,Male,Support
771,Tremain,Rignoldes,trignoldesle@nba.com,Male,Legal
772,Morse,Itzkovich,mitzkovichlf@google.de,Polygender,Legal
773,Phelia,Gameson,pgamesonlg@etsy.com,Female,Training
774,Jameson,Rown,jrownlh@sitemeter.com,Male,Accounting
775,Gaylene,Dellit,gdellitli@arizona.edu,Female,Human Resources
776,Zedekiah,Mowling,zmowlinglj@imageshack.us,Male,Services
777,Beulah,Discombe,bdiscombelk@ezinearticles.com,Female,Legal
778,Gisela,Polack,gpolackll@ca.gov,Non-binary,Legal
779,Doralynne,Maxstead,dmaxsteadlm@va.gov,Non-binary,Business Development
780,Clevey,Caldaro,ccaldaroln@feedburner.com,Male,Human Resources
781,Hedvig,Sorrie,hsorrielo@reverbnation.com,Female,Business Development
782,Emma,Risebrow,erisebrowlp@cbslocal.com,Female,Support
783,Elmer,Bascomb,ebascomblq@live.com,Male,Human Resources
784,Rakel,MacDonagh,rmacdonaghlr@domainmarket.com,Female,Legal
785,Emilia,MacHarg,emachargls@foxnews.com,Female,Business Development
786,Joya,Delafont,jdelafontlt@discuz.net,Female,Human Resources
787,Rosalinde,Tallboy,rtallboylu@blogspot.com,Female,Marketing
788,Allina,Craster,acrasterlv@tumblr.com,Female,Marketing
789,Renard,Boig,rboiglw@youtu.be,Agender,Support
790,Eve,Klejin,eklejinlx@unicef.org,Female,Research and Development
791,Prentice,Iowarch,piowarchly@domainmarket.com,Male,Legal
792,Carleton,Cranfield,ccranfieldlz@noaa.gov,Male,Marketing
793,Humphrey,Barok,hbarokm0@livejournal.com,Male,Accounting
794,Korrie,McPaike,kmcpaikem1@dell.com,Female,Business Development
795,Kitti,Doret,kdoretm2@newyorker.com,Female,Services
796,Blane,Wagner,bwagnerm3@nasa.gov,Male,Support
797,Marcelle,Cromett,mcromettm4@about.me,Female,Training
798,Grissel,Furney,gfurneym5@furl.net,Female,Accounting
799,Alli,Kenen,akenenm6@nature.com,Female,Marketing
800,Peyter,Gorriessen,pgorriessenm7@sfgate.com,Male,Engineering
801,Margareta,Frankland,mfranklandm8@imdb.com,Female,Services
802,Suzi,Bohler,sbohlerm9@mashable.com,Female,Research and Development
803,Richie,Bracco,rbraccoma@utexas.edu,Male,Services
804,Worden,Axe,waxemb@ycombinator.com,Male,Training
805,Caralie,Herreros,cherrerosmc@163.com,Female,Engineering
806,Neron,Schottli,nschottlimd@cnbc.com,Male,Training
807,Rusty,Proger,rprogerme@prlog.org,Male,Services
808,Carley,Kosel,ckoselmf@dagondesign.com,Female,Services
809,Ronnica,Kos,rkosmg@sohu.com,Female,Support
810,Karissa,Averill,kaverillmh@reuters.com,Bigender,Business Development
811,Dion,Cussins,dcussinsmi@facebook.com,Male,Training
812,Rurik,Snawdon,rsnawdonmj@upenn.edu,Male,Legal
813,Aguste,Vedishchev,avedishchevmk@tamu.edu,Male,Product Management
814,Wanids,Piatti,wpiattiml@icio.us,Female,Training
815,Ariel,Sheringham,asheringhammm@wikia.com,Male,Sales
816,Harriet,Restieaux,hrestieauxmn@imgur.com,Female,Marketing
817,Edik,Savil,esavilmo@nature.com,Male,Research and Development
818,Janenna,O'Fihily,jofihilymp@51.la,Bigender,Human Resources
819,Luz,Bunton,lbuntonmq@china.com.cn,Female,Engineering
820,Sherry,Kauble,skaublemr@amazon.de,Female,Marketing
821,Giana,Samter,gsamterms@paginegialle.it,Female,Legal
822,Thornie,Hawney,thawneymt@imageshack.us,Male,Training
823,Harlin,Tuxill,htuxillmu@princeton.edu,Male,Training
824,Susette,Hurran,shurranmv@t-online.de,Female,Sales
825,Tally,Bourdon,tbourdonmw@w3.org,Male,Engineering
826,Ursola,Kynston,ukynstonmx@huffingtonpost.com,Female,Legal
827,Charlotta,Fabry,cfabrymy@globo.com,Female,Accounting
828,Salomone,Smoughton,ssmoughtonmz@weebly.com,Male,Support
829,Ellary,Kennsley,ekennsleyn0@zimbio.com,Male,Services
830,Briny,Demeter,bdemetern1@example.com,Female,Engineering
831,Temp,Lortzing,tlortzingn2@epa.gov,Genderfluid,Services
832,Isiahi,McGing,imcgingn3@hao123.com,Male,Human Resources
833,Alan,Osgardby,aosgardbyn4@jalbum.net,Bigender,Research and Development
834,Kermy,Micka,kmickan5@tripadvisor.com,Male,Services
835,Steward,Eidler,seidlern6@apple.com,Male,Legal
836,Darnall,Gero,dgeron7@shutterfly.com,Male,Research and Development
837,Issie,Sheach,isheachn8@dyndns.org,Female,Human Resources
838,Patrice,Rayson,praysonn9@nifty.com,Female,Accounting
839,Margret,Goggey,mgoggeyna@elegantthemes.com,Female,Product Management
840,Fleurette,Garnar,fgarnarnb@canalblog.com,Female,Services
841,Corrinne,Todman,ctodmannc@deviantart.com,Female,Engineering
842,Romeo,Wingrove,rwingrovend@devhub.com,Male,Sales
843,Rosalyn,Fitchet,rfitchetne@house.gov,Female,Business Development
844,Calvin,Billborough,cbillboroughnf@indiegogo.com,Male,Marketing
845,Sophi,Daintrey,sdaintreyng@webmd.com,Female,Product Management
846,Mariel,Linck,mlincknh@phoca.cz,Female,Services
847,Kristos,Kubacek,kkubacekni@nymag.com,Male,Business Development
848,Madlin,Sarre,msarrenj@macromedia.com,Agender,Human Resources
849,Durward,Yansons,dyansonsnk@bloglovin.com,Male,Services
850,Jerome,Ariss,jarissnl@twitter.com,Male,Services
851,Jinny,Casarino,jcasarinonm@tripod.com,Female,Sales
852,Curry,Voce,cvocenn@narod.ru,Bigender,Sales
853,Malinde,Mettricke,mmettrickeno@hp.com,Female,Accounting
854,Jeffry,Ibbotson,jibbotsonnp@nsw.gov.au,Male,Services
855,Fowler,Fink,ffinknq@oaic.gov.au,Male,Human Resources
856,Arman,Gookes,agookesnr@nytimes.com,Male,Services
857,Jack,Comiskey,jcomiskeyns@craigslist.org,Male,Sales
858,Devin,Wardley,dwardleynt@addthis.com,Male,Human Resources
859,Florida,Cowdray,fcowdraynu@discuz.net,Female,Research and Development
860,Ennis,Betteriss,ebetterissnv@studiopress.com,Male,Business Development
861,Ranique,Grushin,rgrushinnw@shinystat.com,Female,Product Management
862,Natalie,Casarili,ncasarilinx@simplemachines.org,Female,Sales
863,Pris,Arondel,parondelny@printfriendly.com,Female,Marketing
864,Jeanette,MacCallam,jmaccallamnz@sbwire.com,Female,Services
865,Kingsly,Mayoral,kmayoralo0@mlb.com,Male,Marketing
866,Raina,Dawdry,rdawdryo1@4shared.com,Female,Marketing
867,Johann,Steptow,jsteptowo2@tiny.cc,Male,Human Resources
868,Auria,Matskevich,amatskevicho3@hp.com,Female,Human Resources
869,Rosetta,Denge,rdengeo4@europa.eu,Female,Accounting
870,Terry,Linklater,tlinklatero5@fastcompany.com,Female,Legal
871,Mattie,Trustie,mtrustieo6@thetimes.co.uk,Female,Legal
872,Kristopher,Cosans,kcosanso7@youtube.com,Genderqueer,Support
873,Dorisa,Gell,dgello8@fastcompany.com,Female,Marketing
874,Jamaal,Lindhe,jlindheo9@go.com,Male,Business Development
875,Marleen,Tyreman,mtyremanoa@xinhuanet.com,Female,Services
876,Gib,Jindracek,gjindracekob@mapquest.com,Male,Research and Development
877,Erhart,Nunnerley,enunnerleyoc@diigo.com,Male,Product Management
878,Carlos,Jacobsz,cjacobszod@lulu.com,Male,Support
879,Kaile,Maghull,kmaghulloe@wikispaces.com,Polygender,Human Resources
880,Quintina,Kielty,qkieltyof@utexas.edu,Female,Marketing
881,Nonah,Klimochkin,nklimochkinog@tinypic.com,Female,Legal
882,Aeriell,Gibbie,agibbieoh@a8.net,Female,Business Development
883,Molly,Duffree,mduffreeoi@senate.gov,Female,Services
884,Randolf,Romanet,rromanetoj@house.gov,Male,Training
885,Renault,Rapp,rrappok@globo.com,Male,Product Management
886,Carrissa,Wealleans,cwealleansol@amazon.co.uk,Female,Services
887,Travers,McGettigan,tmcgettiganom@huffingtonpost.com,Male,Human Resources
888,Sampson,Ballantine,sballantineon@paginegialle.it,Male,Support
889,Rand,Buntine,rbuntineoo@ft.com,Male,Product Management
890,Moshe,Jerdein,mjerdeinop@exblog.jp,Male,Support
891,Angela,Brigham,abrighamoq@usnews.com,Female,Research and Development
892,Prentiss,Copper,pcopperor@xinhuanet.com,Male,Marketing
893,Joann,Seeking,jseekingos@free.fr,Female,Support
894,Jeremy,Gilardoni,jgilardoniot@example.com,Male,Legal
895,Mickie,Wardhaugh,mwardhaughou@theguardian.com,Female,Marketing
896,Granville,Testo,gtestoov@psu.edu,Male,Accounting
897,Odelia,Wesker,oweskerow@dropbox.com,Female,Sales
898,Graeme,Devericks,gdevericksox@technorati.com,Male,Sales
899,Clea,Paulusch,cpauluschoy@feedburner.com,Female,Training
900,Donetta,covino,dcovinooz@si.edu,Agender,Human Resources
901,Claiborne,Isworth,cisworthp0@csmonitor.com,Male,Training
902,Virgie,Pattie,vpattiep1@google.pl,Female,Engineering
903,Burgess,Klimke,bklimkep2@mysql.com,Male,Engineering
904,Ian,Duckhouse,iduckhousep3@taobao.com,Male,Engineering
905,Si,Pentecost,spentecostp4@lulu.com,Male,Training
906,Noland,Fishleigh,nfishleighp5@marriott.com,Male,Accounting
907,Baxter,Carreyette,bcarreyettep6@opera.com,Male,Accounting
908,Flem,Barbosa,fbarbosap7@digg.com,Male,Human Resources
909,Marlie,Rogerot,mrogerotp8@behance.net,Female,Marketing
910,Lida,Foggarty,lfoggartyp9@baidu.com,Female,Marketing
911,Tony,Kelling,tkellingpa@weibo.com,Male,Marketing
912,Erek,Crichmer,ecrichmerpb@lulu.com,Agender,Sales
913,Pat,Baudesson,pbaudessonpc@upenn.edu,Genderfluid,Product Management
914,Johnathan,Warbrick,jwarbrickpd@livejournal.com,Male,Engineering
915,Rosita,Meek,rmeekpe@mlb.com,Female,Business Development
916,Hillel,Gobbett,hgobbettpf@nbcnews.com,Male,Legal
917,Carry,Evill,cevillpg@wikia.com,Female,Business Development
918,Godfry,Tarquini,gtarquiniph@google.cn,Male,Training
919,Lu,Stonehouse,lstonehousepi@sbwire.com,Female,Marketing
920,Linette,Ordidge,lordidgepj@patch.com,Female,Legal
921,Jan,Donnel,jdonnelpk@disqus.com,Polygender,Legal
922,Lawrence,Kob,lkobpl@house.gov,Agender,Sales
923,Diane,Bridgewood,dbridgewoodpm@drupal.org,Female,Services
924,Farlee,Wybrow,fwybrowpn@amazon.com,Male,Business Development
925,Fredric,Collihole,fcolliholepo@eventbrite.com,Male,Accounting
926,Felecia,Baumert,fbaumertpp@plala.or.jp,Bigender,Training
927,Zarah,Le Sarr,zlesarrpq@nasa.gov,Female,Support
928,Siegfried,Bridgewood,sbridgewoodpr@1688.com,Male,Product Management
929,Karleen,Oxton,koxtonps@tuttocitta.it,Female,Human Resources
930,Massimiliano,Autin,mautinpt@github.io,Male,Product Management
931,Benedict,Philippson,bphilippsonpu@sphinn.com,Male,Product Management
932,Teddi,Capron,tcapronpv@storify.com,Female,Legal
933,Enrica,Strainge,estraingepw@state.gov,Female,Support
934,Bartholemy,Glenwright,bglenwrightpx@google.com,Male,Marketing
935,Dorie,Noads,dnoadspy@opensource.org,Female,Sales
936,Ann-marie,Rohlfs,arohlfspz@imdb.com,Female,Business Development
937,Otha,Rotter,orotterq0@eepurl.com,Genderqueer,Research and Development
938,Helaine,Clapperton,hclappertonq1@blog.com,Female,Marketing
939,Jessy,Mantram,jmantramq2@bing.com,Female,Sales
940,Ariela,Naile,anaileq3@pbs.org,Female,Support
941,Archy,Hoodlass,ahoodlassq4@spotify.com,Male,Accounting
942,Rozanne,McTurk,rmcturkq5@paypal.com,Female,Engineering
943,Enoch,Sainsberry,esainsberryq6@buzzfeed.com,Male,Human Resources
944,Jeramie,Cuel,jcuelq7@accuweather.com,Genderqueer,Engineering
945,Janifer,Hillitt,jhillittq8@moonfruit.com,Female,Support
946,Royce,Haspineall,rhaspineallq9@merriam-webster.com,Male,Engineering
947,Reynold,Durrington,rdurringtonqa@lulu.com,Male,Accounting
948,Libbie,Guerri,lguerriqb@independent.co.uk,Female,Training
949,Morie,Parris,mparrisqc@merriam-webster.com,Male,Product Management
950,Amandi,Sinclaire,asinclaireqd@auda.org.au,Female,Marketing
951,Jameson,Gaynesford,jgaynesfordqe@reddit.com,Male,Engineering
952,Korrie,Heckner,khecknerqf@yolasite.com,Female,Services
953,Daloris,Cousans,dcousansqg@barnesandnoble.com,Female,Services
954,Bearnard,Capron,bcapronqh@instagram.com,Male,Engineering
955,Jennilee,Tribell,jtribellqi@4shared.com,Genderfluid,Legal
956,Hildegarde,Gudyer,hgudyerqj@netvibes.com,Female,Research and Development
957,Gaven,Thies,gthiesqk@smugmug.com,Male,Legal
958,Renelle,Dahlbom,rdahlbomql@newyorker.com,Female,Accounting
959,Emerson,Josefer,ejoseferqm@reddit.com,Male,Services
960,Ilaire,Ahrenius,iahreniusqn@freewebs.com,Male,Training
961,Verge,Mattack,vmattackqo@goo.gl,Male,Business Development
962,Yankee,Vardey,yvardeyqp@wired.com,Male,Engineering
963,Ellery,Paulo,epauloqq@apple.com,Non-binary,Accounting
964,Alexander,Swynley,aswynleyqr@creativecommons.org,Genderqueer,Product Management
965,Binky,Gencke,bgenckeqs@oracle.com,Male,Support
966,Heinrick,Koppen,hkoppenqt@gravatar.com,Genderqueer,Sales
967,Dione,Kitteringham,dkitteringhamqu@wordpress.com,Female,Business Development
968,Cordie,Hansford,chansfordqv@apple.com,Genderqueer,Product Management
969,Fabe,Feaveer,ffeaveerqw@scribd.com,Male,Support
970,Chrysa,Calderon,ccalderonqx@behance.net,Female,Sales
971,Kienan,Mullins,kmullinsqy@privacy.gov.au,Male,Marketing
972,Florri,Bernardez,fbernardezqz@nsw.gov.au,Female,Legal
973,Rubin,Burcombe,rburcomber0@twitter.com,Male,Product Management
974,Davin,Dowderswell,ddowderswellr1@foxnews.com,Male,Research and Development
975,Jaimie,Davey,jdaveyr2@prlog.org,Male,Human Resources
976,Bradly,Bamsey,bbamseyr3@tiny.cc,Male,Training
977,Mano,Dawidsohn,mdawidsohnr4@tiny.cc,Male,Support
978,Melissa,Heathcote,mheathcoter5@edublogs.org,Female,Business Development
979,Isadore,Stollman,istollmanr6@yahoo.com,Male,Sales
980,Petrina,Bischoff,pbischoffr7@youku.com,Female,Business Development
981,Bobette,Lowrie,blowrier8@gizmodo.com,Female,Legal
982,Stavros,Rizzardini,srizzardinir9@mysql.com,Male,Business Development
983,Queenie,Bucknill,qbucknillra@webnode.com,Female,Marketing
984,Ruthi,Froom,rfroomrb@slideshare.net,Female,Support
985,Millisent,Rickett,mrickettrc@reddit.com,Female,Human Resources
986,Chrysa,Mourton,cmourtonrd@geocities.jp,Female,Legal
987,Cordelie,Brissenden,cbrissendenre@telegraph.co.uk,Female,Product Management
988,Mathilda,Maymond,mmaymondrf@sitemeter.com,Female,Sales
989,Carole,Krysztofiak,ckrysztofiakrg@amazon.com,Female,Accounting
990,Lucky,Royans,lroyansrh@whitehouse.gov,Female,Legal
991,Hammad,Britt,hbrittri@mashable.com,Male,Sales
992,Michal,Zute,mzuterj@ucoz.ru,Male,Services
993,Otho,Moye,omoyerk@craigslist.org,Male,Human Resources
994,Rochell,Pond,rpondrl@gravatar.com,Female,Training
995,Pyotr,Souster,psousterrm@apache.org,Male,Support
996,Kinsley,Bromley,kbromleyrn@hc360.com,Male,Sales
997,Carling,Brobyn,cbrobynro@epa.gov,Male,Engineering
998,Karylin,Wainscoat,kwainscoatrp@ox.ac.uk,Female,Business Development
999,Christy,Hawken,chawkenrq@goodreads.com,Bigender,Product Management
1000,Lucia,Koche,lkocherr@blogs.com,Female,Human Resources
