id,first_name,last_name,email,gender,salary,dept
1,Anet,Groves,agroves0@wikispaces.com,Female,24,Industrial
2,Tiffie,Gegg,tgegg1@bluehost.com,Female,55,Baby
3,Gerard,Galler,ggaller2@opera.com,Bigender,46,Garden
4,Minda,Willcott,mwillcott3@imdb.com,Female,39,Outdoors
5,Andrus,Chadburn,achadburn4@seesaa.net,Male,51,Industrial
6,Loydie,Rambaut,lrambaut5@constantcontact.com,Male,54,Kids
7,Rupert,Yakushkev,ryakushkev6@facebook.com,Male,49,Kids
8,Gabriellia,Lowin,glowin7@fotki.com,Female,50,Computers
9,Carlin,Hallows,challows8@wikipedia.org,Male,71,Kids
10,Lalo,Gergler,lgergler9@wikia.com,Male,14,Grocery
11,Celie,Bills,cbillsa@reddit.com,Female,97,Kids
12,Conrado,Pringle,cpringleb@nba.com,Male,5,Health
13,Anabella,Duxbury,aduxburyc@weibo.com,Female,7,Health
14,Buckie,Furmagier,bfurmagierd@delicious.com,Male,7,Home
15,Teddy,Burril,tburrile@newsvine.com,Female,61,Beauty
16,Ashlee,Liffey,aliffeyf@ocn.ne.jp,Female,80,Games
17,Antonio,Menichino,amenichinog@wikipedia.org,Male,7,Toys
18,Denny,Antonutti,dantonuttih@edublogs.org,Female,55,Movies
19,Ibbie,McLleese,imclleesei@timesonline.co.uk,Female,59,Garden
20,Eddie,Fabbri,efabbrij@bloglines.com,Agender,25,Beauty
21,Quincey,Mallabar,qmallabark@exblog.jp,Male,83,Movies
22,Raphael,Curnnokk,rcurnnokkl@ifeng.com,Male,93,Games
23,Parnell,Godball,pgodballm@dagondesign.com,Male,59,Kids
24,Stefano,Fraser,sfrasern@moonfruit.com,Male,42,Grocery
25,Gannon,Bradie,gbradieo@ft.com,Male,36,Garden
26,Charmain,Primmer,cprimmerp@nba.com,Female,82,Grocery
27,Seth,Gallaher,sgallaherq@spotify.com,Male,4,Automotive
28,Ker,Crudge,kcrudger@nydailynews.com,Male,69,Computers
29,Regan,Hargreave,rhargreaves@auda.org.au,Non-binary,28,Electronics
30,Arvie,Leuty,aleutyt@diigo.com,Male,89,Clothing
31,Eziechiele,Saffon,esaffonu@cdbaby.com,Male,73,Baby
32,Bron,Ventham,bventhamv@home.pl,Male,94,Toys
33,Burk,Benaine,bbenainew@bbb.org,Male,16,Baby
34,Ewen,Arnli,earnlix@livejournal.com,Male,100,Health
35,Waite,Trudgeon,wtrudgeony@psu.edu,Genderfluid,2,Sports
36,Kameko,Faithfull,kfaithfullz@fastcompany.com,Female,21,Grocery
37,Trstram,Coltart,tcoltart10@mac.com,Male,77,Garden
38,Viviyan,Vanderson,vvanderson11@sina.com.cn,Female,33,Computers
39,Ealasaid,Leport,eleport12@squidoo.com,Bigender,32,Automotive
40,Buiron,Huske,bhuske13@histats.com,Male,30,Movies
41,Annetta,Aldhous,aaldhous14@cbc.ca,Female,98,Garden
42,Tamera,Bizley,tbizley15@behance.net,Female,64,Outdoors
43,Ralph,Holdren,rholdren16@gnu.org,Male,19,Games
44,Amity,Sheirlaw,asheirlaw17@cisco.com,Female,83,Toys
45,Suzanne,Donativo,sdonativo18@geocities.com,Female,61,Shoes
46,Sonny,Freezer,sfreezer19@jigsy.com,Female,16,Garden
47,Kanya,Phelps,kphelps1a@howstuffworks.com,Female,12,Sports
48,Far,Fasse,ffasse1b@amazon.co.uk,Male,54,Sports
49,Faye,Vasishchev,fvasishchev1c@acquirethisname.com,Female,1,Tools
50,Noland,Chatband,nchatband1d@boston.com,Male,22,Automotive
51,Herrick,Matthews,hmatthews1e@go.com,Male,24,Sports
52,Alyce,Dufaur,adufaur1f@dion.ne.jp,Female,90,Games
53,Ermin,Riccardini,ericcardini1g@a8.net,Male,73,Outdoors
54,Kendal,Gutridge,kgutridge1h@imageshack.us,Male,8,Clothing
55,Guy,Yakunkin,gyakunkin1i@slashdot.org,Male,30,Garden
56,Svend,Osband,sosband1j@thetimes.co.uk,Male,75,Electronics
57,Gerhardine,Brockway,gbrockway1k@archive.org,Non-binary,30,Outdoors
58,Conney,Kew,ckew1l@reuters.com,Male,29,Music
59,Andres,Courtese,acourtese1m@newsvine.com,Male,77,Computers
60,Erina,Wemyss,ewemyss1n@economist.com,Female,20,Music
61,Thedric,Klimus,tklimus1o@intel.com,Male,14,Tools
62,Simone,Bennedick,sbennedick1p@ft.com,Female,65,Clothing
63,Merissa,Brumham,mbrumham1q@diigo.com,Female,92,Industrial
64,Sonia,Giorio,sgiorio1r@drupal.org,Female,4,Books
65,Lannie,Gorriessen,lgorriessen1s@sourceforge.net,Male,2,Baby
66,Federica,Bellany,fbellany1t@thetimes.co.uk,Female,56,Beauty
67,Florida,Davidek,fdavidek1u@arstechnica.com,Female,36,Kids
68,Andros,Nottle,anottle1v@bloomberg.com,Male,77,Health
69,Jason,Mussolini,jmussolini1w@linkedin.com,Male,24,Clothing
70,Si,De Minico,sdeminico1x@disqus.com,Male,59,Beauty
71,Thorsten,Sans,tsans1y@vimeo.com,Male,60,Clothing
72,Rollo,Seager,rseager1z@nih.gov,Male,68,Industrial
73,Warde,Meeny,wmeeny20@baidu.com,Male,54,Industrial
74,Hallsy,Brewin,hbrewin21@arstechnica.com,Male,77,Automotive
75,Noellyn,Leebeter,nleebeter22@over-blog.com,Female,95,Jewelry
76,Griffith,Cramphorn,gcramphorn23@smh.com.au,Male,8,Baby
77,Glen,Gullis,ggullis24@acquirethisname.com,Female,5,Clothing
78,Megen,Brou,mbrou25@ebay.co.uk,Agender,53,Industrial
79,Claresta,Tzuker,ctzuker26@yelp.com,Bigender,70,Books
80,Vonnie,Kleinbaum,vkleinbaum27@kickstarter.com,Female,38,Tools
81,Terra,Echelle,techelle28@washingtonpost.com,Female,41,Home
82,Leanor,Henkmann,lhenkmann29@cloudflare.com,Female,27,Games
83,Amelita,Kenealy,akenealy2a@reverbnation.com,Female,14,Clothing
84,Rycca,Axelbee,raxelbee2b@bravesites.com,Female,65,Outdoors
85,Bernadina,Clemendot,bclemendot2c@yahoo.com,Female,85,Garden
86,Parker,Bullimore,pbullimore2d@zdnet.com,Non-binary,50,Music
87,Felicia,Swyre,fswyre2e@hc360.com,Female,8,Health
88,Tom,Magee,tmagee2f@typepad.com,Bigender,75,Beauty
89,Palm,Witch,pwitch2g@go.com,Male,81,Grocery
90,Lara,Slamaker,lslamaker2h@paginegialle.it,Female,15,Beauty
91,Mano,Castellone,mcastellone2i@ameblo.jp,Male,13,Electronics
92,Ailbert,Mehmet,amehmet2j@nationalgeographic.com,Male,86,Kids
93,Tasia,Gorling,tgorling2k@admin.ch,Female,38,Grocery
94,Dania,Tuberfield,dtuberfield2l@omniture.com,Bigender,15,Beauty
95,Pieter,Arrell,parrell2m@ft.com,Male,74,Kids
96,Bryce,Lundbeck,blundbeck2n@ustream.tv,Male,16,Games
97,Deidre,Angus,dangus2o@house.gov,Female,11,Grocery
98,Kinny,Worsell,kworsell2p@hostgator.com,Male,40,Clothing
99,Joni,Spellacey,jspellacey2q@posterous.com,Female,77,Electronics
100,Pascale,Balle,pballe2r@yellowpages.com,Male,33,Home
101,Nicko,Feltoe,nfeltoe2s@artisteer.com,Male,78,Outdoors
102,Traver,O'Grada,tograda2t@hc360.com,Male,4,Shoes
103,Marshal,Kimberley,mkimberley2u@senate.gov,Male,87,Baby
104,Alaric,Bedberry,abedberry2v@mediafire.com,Male,46,Grocery
105,Ewen,Boyde,eboyde2w@redcross.org,Male,8,Computers
106,Marketa,Blackaller,mblackaller2x@com.com,Female,7,Grocery
107,Ceil,Whittier,cwhittier2y@tiny.cc,Female,5,Outdoors
108,Ariela,Waller-Bridge,awallerbridge2z@time.com,Female,25,Home
109,Bee,Ochiltree,bochiltree30@ebay.com,Female,95,Clothing
110,Cam,Adnams,cadnams31@barnesandnoble.com,Male,42,Shoes
111,Myles,Loud,mloud32@gmpg.org,Male,67,Computers
112,Tobie,Ding,tding33@goodreads.com,Male,8,Tools
113,Hadleigh,Adami,hadami34@mysql.com,Male,87,Health
114,Lucas,Barmby,lbarmby35@usnews.com,Male,64,Kids
115,Halsy,Wank,hwank36@netscape.com,Male,14,Sports
116,Manon,Dunckley,mdunckley37@rediff.com,Non-binary,6,Computers
117,Seymour,Catcheside,scatcheside38@istockphoto.com,Male,90,Health
118,Denver,Vezey,dvezey39@nymag.com,Non-binary,36,Tools
119,Dieter,Dommett,ddommett3a@dailymotion.com,Male,10,Shoes
120,Algernon,Tock,atock3b@jimdo.com,Male,7,Toys
121,Chuck,Loud,cloud3c@creativecommons.org,Male,88,Beauty
122,Fredric,Athey,fathey3d@addthis.com,Male,98,Games
123,Viole,Spacie,vspacie3e@sitemeter.com,Female,19,Beauty
124,Kalil,Theuss,ktheuss3f@fastcompany.com,Male,40,Outdoors
125,Batholomew,Loft,bloft3g@nifty.com,Male,7,Beauty
126,Daile,Minogue,dminogue3h@newyorker.com,Female,20,Music
127,Ilise,Utley,iutley3i@miibeian.gov.cn,Female,50,Music
128,Ollie,Lydiard,olydiard3j@chron.com,Female,12,Electronics
129,Link,Pritty,lpritty3k@columbia.edu,Male,89,Shoes
130,Charlena,Harbron,charbron3l@disqus.com,Female,90,Home
131,Sydel,Baldazzi,sbaldazzi3m@flickr.com,Female,61,Health
132,Ida,Meale,imeale3n@nasa.gov,Female,23,Garden
133,Merna,Lawrence,mlawrence3o@mtv.com,Female,35,Home
134,Amerigo,Fosten,afosten3p@wikia.com,Male,82,Beauty
135,Codie,Beames,cbeames3q@cornell.edu,Male,10,Books
136,Chickie,McCrudden,cmccrudden3r@phpbb.com,Female,58,Grocery
137,Maurita,Bellow,mbellow3s@netlog.com,Female,16,Beauty
138,Letisha,Jinks,ljinks3t@wiley.com,Female,73,Movies
139,Clement,Lambis,clambis3u@china.com.cn,Male,38,Books
140,Inge,Cristofolini,icristofolini3v@va.gov,Female,7,Shoes
141,Davide,Marcinkowski,dmarcinkowski3w@gizmodo.com,Male,16,Health
142,Shayne,Broomhall,sbroomhall3x@hc360.com,Genderfluid,87,Clothing
143,Lenci,Ramirez,lramirez3y@webnode.com,Male,57,Games
144,Lorrayne,Guidone,lguidone3z@gizmodo.com,Female,45,Shoes
145,Edmund,Delea,edelea40@squarespace.com,Male,20,Health
146,Mariam,Ricciardiello,mricciardiello41@ovh.net,Polygender,14,Music
147,Jory,Hardie,jhardie42@nps.gov,Male,74,Sports
148,Jillian,Dighton,jdighton43@de.vu,Female,44,Baby
149,Nappie,Adamides,nadamides44@smh.com.au,Male,76,Jewelry
150,Henryetta,Rosander,hrosander45@samsung.com,Female,24,Music
151,Linzy,Sillis,lsillis46@pinterest.com,Female,81,Tools
152,Olly,Domel,odomel47@archive.org,Polygender,47,Toys
153,Chaddy,Churchman,cchurchman48@cpanel.net,Male,60,Jewelry
154,Simone,Danis,sdanis49@guardian.co.uk,Male,80,Computers
155,Clemmie,Schurcke,cschurcke4a@mapy.cz,Male,14,Clothing
156,Angie,Reany,areany4b@census.gov,Non-binary,61,Music
157,Nicola,Pleming,npleming4c@google.nl,Male,84,Music
158,Janaya,Spargo,jspargo4d@latimes.com,Female,41,Tools
159,Oliver,Tyas,otyas4e@canalblog.com,Male,23,Sports
160,Sal,McCaw,smccaw4f@issuu.com,Female,30,Sports
161,Teodoro,Farherty,tfarherty4g@cloudflare.com,Male,64,Beauty
162,Wat,Tirone,wtirone4h@quantcast.com,Male,72,Shoes
163,Lemar,Goodee,lgoodee4i@seesaa.net,Male,56,Beauty
164,Merrile,Vittle,mvittle4j@unicef.org,Female,90,Clothing
165,Ealasaid,Dunsleve,edunsleve4k@nifty.com,Female,55,Shoes
166,Phyllys,Stubbeley,pstubbeley4l@microsoft.com,Female,45,Books
167,Hodge,Woodes,hwoodes4m@eepurl.com,Male,55,Tools
168,Sile,Schollar,sschollar4n@scientificamerican.com,Female,81,Tools
169,Lily,Titta,ltitta4o@tamu.edu,Female,55,Sports
170,Milicent,Cluely,mcluely4p@ca.gov,Female,56,Toys
171,Electra,Braikenridge,ebraikenridge4q@bbc.co.uk,Female,11,Games
172,Bailie,Gilardone,bgilardone4r@arstechnica.com,Male,44,Electronics
173,Jori,Gawkroge,jgawkroge4s@springer.com,Female,27,Shoes
174,Jan,Skirrow,jskirrow4t@barnesandnoble.com,Male,42,Clothing
175,Barbra,Nairns,bnairns4u@quantcast.com,Female,87,Movies
176,Roland,Taill,rtaill4v@qq.com,Male,13,Toys
177,Dione,Scarlin,dscarlin4w@bbb.org,Female,38,Industrial
178,Hans,Heinz,hheinz4x@mysql.com,Male,76,Shoes
179,Ware,Thicking,wthicking4y@nsw.gov.au,Male,92,Health
180,Vlad,Saint,vsaint4z@last.fm,Male,19,Music
181,Jacobo,Exon,jexon50@irs.gov,Male,30,Sports
182,Bobbie,Feak,bfeak51@buzzfeed.com,Male,54,Tools
183,Rae,Shearme,rshearme52@ca.gov,Female,56,Toys
184,Tanney,Padbery,tpadbery53@telegraph.co.uk,Male,34,Clothing
185,Stevy,Jovovic,sjovovic54@ucoz.com,Male,97,Sports
186,Dru,Duquesnay,dduquesnay55@blogtalkradio.com,Female,83,Books
187,Hortense,Batha,hbatha56@howstuffworks.com,Genderfluid,81,Jewelry
188,Shannon,Sturm,ssturm57@hatena.ne.jp,Female,22,Electronics
189,Cornelia,Burke,cburke58@mit.edu,Female,77,Garden
190,Uriah,Lipp,ulipp59@utexas.edu,Male,8,Outdoors
191,Nada,Worham,nworham5a@wired.com,Female,30,Grocery
192,Colene,Daws,cdaws5b@ox.ac.uk,Female,49,Toys
193,Gianina,Del Monte,gdelmonte5c@constantcontact.com,Female,49,Tools
194,Husain,Aiers,haiers5d@hexun.com,Bigender,68,Jewelry
195,Sharron,Sarsfield,ssarsfield5e@google.pl,Female,62,Music
196,Linnie,MacKinnon,lmackinnon5f@artisteer.com,Female,74,Health
197,Mario,Loftus,mloftus5g@geocities.com,Male,52,Books
198,Alick,Skellington,askellington5h@so-net.ne.jp,Male,13,Books
199,Marv,Hache,mhache5i@slate.com,Male,13,Sports
200,Josiah,Dryburgh,jdryburgh5j@zimbio.com,Male,40,Health
201,Birk,Gerretsen,bgerretsen5k@redcross.org,Male,29,Health
202,Cati,Salman,csalman5l@free.fr,Polygender,63,Baby
203,Britte,Moncreiffe,bmoncreiffe5m@nymag.com,Female,7,Jewelry
204,Kathy,Letertre,kletertre5n@trellian.com,Female,95,Music
205,Cati,Tonbye,ctonbye5o@ibm.com,Female,39,Shoes
206,Ethelred,Grabbam,egrabbam5p@booking.com,Male,63,Music
207,Pattie,Briar,pbriar5q@dedecms.com,Male,78,Movies
208,Coralyn,Gristock,cgristock5r@sakura.ne.jp,Female,34,Home
209,Bride,Tefft,btefft5s@newsvine.com,Female,12,Games
210,Grenville,MacLeese,gmacleese5t@sohu.com,Male,55,Movies
211,Judie,Thistleton,jthistleton5u@ifeng.com,Female,97,Sports
212,Reinhard,Rawlison,rrawlison5v@mozilla.com,Male,17,Beauty
213,Lyndell,Burds,lburds5w@va.gov,Female,91,Jewelry
214,Martina,Dallicoat,mdallicoat5x@cornell.edu,Bigender,40,Baby
215,Llewellyn,Blanckley,lblanckley5y@flickr.com,Male,74,Tools
216,Terrill,Durnall,tdurnall5z@thetimes.co.uk,Male,93,Baby
217,Libbi,Lozano,llozano60@washington.edu,Female,34,Jewelry
218,Mack,Downgate,mdowngate61@over-blog.com,Male,55,Books
219,Belvia,Chessor,bchessor62@omniture.com,Female,90,Industrial
220,Hadlee,Kruger,hkruger63@geocities.com,Genderqueer,55,Electronics
221,Rozelle,Rattenberie,rrattenberie64@usnews.com,Female,35,Computers
222,Patrica,Ticksall,pticksall65@taobao.com,Female,58,Garden
223,Vidovik,Rodriguez,vrodriguez66@unicef.org,Male,18,Jewelry
224,Joletta,Chung,jchung67@fema.gov,Female,67,Jewelry
225,Rosanne,Gossart,rgossart68@slashdot.org,Female,31,Sports
226,Hervey,Randales,hrandales69@reuters.com,Genderqueer,70,Grocery
227,Terra,Peche,tpeche6a@woothemes.com,Female,86,Grocery
228,Hayley,Zorzin,hzorzin6b@eventbrite.com,Female,50,Music
229,Willem,De Paoli,wdepaoli6c@nationalgeographic.com,Male,31,Sports
230,Rufe,Davydochkin,rdavydochkin6d@java.com,Male,79,Baby
231,Zelda,Barabich,zbarabich6e@ebay.com,Polygender,29,Tools
232,Graig,Rust,grust6f@wunderground.com,Male,80,Beauty
233,Harwilll,Arminger,harminger6g@biglobe.ne.jp,Non-binary,63,Toys
234,Eilis,Pugh,epugh6h@intel.com,Female,18,Clothing
235,Lyndsay,Twelves,ltwelves6i@newyorker.com,Female,10,Industrial
236,Skipper,Joscelyne,sjoscelyne6j@stanford.edu,Male,34,Shoes
237,Jeramie,Aldwich,jaldwich6k@yale.edu,Male,79,Grocery
238,Roanna,Genner,rgenner6l@tumblr.com,Female,28,Health
239,Orella,Bodechon,obodechon6m@ca.gov,Female,12,Movies
240,Knox,Arden,karden6n@miitbeian.gov.cn,Male,55,Toys
241,Elwyn,Tipton,etipton6o@google.pl,Male,70,Home
242,Alonzo,Sherwell,asherwell6p@examiner.com,Male,23,Music
243,Delia,Hanhardt,dhanhardt6q@blogspot.com,Polygender,41,Electronics
244,Bryn,Jenicke,bjenicke6r@columbia.edu,Female,95,Jewelry
245,Carolus,Clendennen,cclendennen6s@reddit.com,Male,44,Home
246,Verla,Bleasby,vbleasby6t@delicious.com,Female,59,Games
247,Hermine,Dearnaley,hdearnaley6u@live.com,Female,15,Shoes
248,Iain,Obin,iobin6v@disqus.com,Male,82,Beauty
249,Caresa,Doughton,cdoughton6w@europa.eu,Female,57,Jewelry
250,Kevon,Piatkowski,kpiatkowski6x@tuttocitta.it,Male,59,Electronics
251,Joby,Horche,jhorche6y@cnet.com,Female,58,Automotive
252,Izaak,Farny,ifarny6z@ifeng.com,Male,10,Toys
253,Chrystel,Habbershon,chabbershon70@scribd.com,Female,33,Music
254,Trumaine,Baxandall,tbaxandall71@huffingtonpost.com,Male,74,Games
255,Mayne,Seeler,mseeler72@pagesperso-orange.fr,Male,23,Sports
256,Homer,Hackford,hhackford73@engadget.com,Male,90,Home
257,Dyan,Vedmore,dvedmore74@go.com,Female,27,Sports
258,Jeffry,Dinsale,jdinsale75@shop-pro.jp,Male,42,Music
259,Yolanthe,Ludee,yludee76@oakley.com,Female,76,Jewelry
260,Gaby,Anselm,ganselm77@imdb.com,Female,27,Clothing
261,Maud,Bernardin,mbernardin78@jimdo.com,Female,11,Grocery
262,Cathryn,Shapero,cshapero79@reverbnation.com,Female,64,Industrial
263,Darn,Tibald,dtibald7a@chronoengine.com,Genderfluid,79,Kids
264,Ynes,Braunes,ybraunes7b@posterous.com,Genderfluid,64,Clothing
265,Anna-maria,Mainson,amainson7c@surveymonkey.com,Female,57,Garden
266,Ofelia,Cloonan,ocloonan7d@indiegogo.com,Female,81,Computers
267,Lutero,Wolfendale,lwolfendale7e@skyrock.com,Male,87,Kids
268,Melodee,Rozet,mrozet7f@gov.uk,Genderfluid,69,Electronics
269,Goldarina,Widmoor,gwidmoor7g@elpais.com,Female,58,Jewelry
270,George,Escalera,gescalera7h@google.pl,Male,30,Jewelry
271,Dominga,Cromie,dcromie7i@hostgator.com,Female,65,Industrial
272,Jillian,Hinks,jhinks7j@ning.com,Polygender,43,Jewelry
273,Merridie,Shallow,mshallow7k@i2i.jp,Female,79,Industrial
274,Michel,Stolze,mstolze7l@skype.com,Male,93,Computers
275,Adam,Episcopio,aepiscopio7m@cdbaby.com,Male,27,Baby
276,Lemmie,Matusovsky,lmatusovsky7n@devhub.com,Male,46,Electronics
277,Terri,Ludvigsen,tludvigsen7o@admin.ch,Male,46,Automotive
278,Kikelia,MacCall,kmaccall7p@who.int,Female,20,Garden
279,Charmion,Rillatt,crillatt7q@qq.com,Female,47,Industrial
280,Julietta,Swyer,jswyer7r@mashable.com,Non-binary,66,Books
281,Gretta,Gonzalez,ggonzalez7s@desdev.cn,Female,15,Grocery
282,Hanan,Mathew,hmathew7t@de.vu,Male,70,Books
283,Ofilia,Cardwell,ocardwell7u@free.fr,Female,36,Clothing
284,Hulda,Loughlan,hloughlan7v@webs.com,Female,67,Movies
285,Felike,Croker,fcroker7w@dell.com,Male,58,Tools
286,Tudor,O'Keenan,tokeenan7x@dailymail.co.uk,Male,35,Movies
287,Tallou,Picot,tpicot7y@com.com,Female,34,Jewelry
288,Alexa,Dendon,adendon7z@github.io,Genderfluid,84,Books
289,Ermentrude,O'Moylane,eomoylane80@shareasale.com,Female,77,Jewelry
290,Preston,Kindell,pkindell81@ask.com,Male,8,Grocery
291,Nissie,Arend,narend82@github.io,Female,78,Shoes
292,Mick,Stapele,mstapele83@twitter.com,Male,86,Home
293,Derrick,Fishleigh,dfishleigh84@yolasite.com,Male,22,Computers
294,Willie,Gowling,wgowling85@ucsd.edu,Male,18,Outdoors
295,Pauly,Dewey,pdewey86@globo.com,Female,34,Health
296,Adams,Nurden,anurden87@icq.com,Male,7,Books
297,Maureene,Flower,mflower88@jigsy.com,Female,36,Home
298,Forbes,Gilhouley,fgilhouley89@discovery.com,Bigender,5,Beauty
299,Miran,Haspineall,mhaspineall8a@upenn.edu,Female,99,Industrial
300,Ettore,Devennie,edevennie8b@artisteer.com,Male,26,Movies
301,Denver,Eyes,deyes8c@cloudflare.com,Male,31,Music
302,Gregory,Lux,glux8d@newsvine.com,Male,13,Music
303,Grete,Sarfatti,gsarfatti8e@illinois.edu,Female,33,Toys
304,Seamus,Waliszewski,swaliszewski8f@alibaba.com,Male,79,Beauty
305,Chandal,Bridges,cbridges8g@qq.com,Female,82,Tools
306,Oralie,Redgrove,oredgrove8h@360.cn,Female,5,Computers
307,Pearline,Airth,pairth8i@illinois.edu,Agender,35,Health
308,Grete,Chesswas,gchesswas8j@census.gov,Female,63,Baby
309,Cordelia,Jelk,cjelk8k@npr.org,Female,44,Jewelry
310,Cleo,Doiley,cdoiley8l@cam.ac.uk,Female,2,Computers
311,Theodora,Grevatt,tgrevatt8m@e-recht24.de,Female,16,Automotive
312,Cyrus,Weetch,cweetch8n@histats.com,Male,5,Shoes
313,Aurea,Anthony,aanthony8o@g.co,Female,57,Shoes
314,Adolphus,Bendin,abendin8p@studiopress.com,Male,23,Sports
315,Nicolina,Upcraft,nupcraft8q@bing.com,Female,4,Industrial
316,Stanly,Wilmut,swilmut8r@independent.co.uk,Genderqueer,68,Toys
317,Pavia,Fozard,pfozard8s@miitbeian.gov.cn,Female,3,Music
318,Corri,Whines,cwhines8t@ehow.com,Female,76,Baby
319,Leonardo,Hurst,lhurst8u@shutterfly.com,Male,52,Clothing
320,Leshia,Giorgielli,lgiorgielli8v@comsenz.com,Female,68,Automotive
321,Garrett,Fawlkes,gfawlkes8w@skyrock.com,Male,94,Jewelry
322,Stuart,Astridge,sastridge8x@baidu.com,Male,57,Home
323,Rupert,Vogt,rvogt8y@feedburner.com,Male,91,Health
324,Kellby,Obray,kobray8z@omniture.com,Male,50,Clothing
325,Dieter,Monteath,dmonteath90@accuweather.com,Male,12,Tools
326,Lissi,Carde,lcarde91@sphinn.com,Female,84,Jewelry
327,York,Hales,yhales92@360.cn,Genderfluid,12,Kids
328,Jermain,Drivers,jdrivers93@umich.edu,Male,87,Books
329,Moises,Snarie,msnarie94@kickstarter.com,Male,91,Electronics
330,Lyell,Hayler,lhayler95@harvard.edu,Male,80,Home
331,Derron,Drummond,ddrummond96@issuu.com,Male,20,Games
332,Tris,Fieldhouse,tfieldhouse97@bbc.co.uk,Male,82,Clothing
333,Isaac,Waple,iwaple98@prnewswire.com,Male,61,Kids
334,Chadwick,Tanti,ctanti99@squidoo.com,Male,3,Baby
335,Doe,Ivashintsov,divashintsov9a@spiegel.de,Female,72,Jewelry
336,Ninetta,Winstanley,nwinstanley9b@facebook.com,Female,95,Tools
337,Shelden,McVicker,smcvicker9c@amazon.com,Male,77,Movies
338,Hilario,Rozet,hrozet9d@globo.com,Male,68,Grocery
339,Bary,Sawfoot,bsawfoot9e@arstechnica.com,Male,18,Music
340,Murray,Tomasino,mtomasino9f@delicious.com,Male,87,Sports
341,Caldwell,Hunsworth,chunsworth9g@linkedin.com,Male,13,Industrial
342,Derwin,Allman,dallman9h@accuweather.com,Male,65,Health
343,Sollie,Brokenshaw,sbrokenshaw9i@geocities.com,Male,7,Kids
344,Gabbi,Elwell,gelwell9j@washington.edu,Female,20,Home
345,Kristal,Lacoste,klacoste9k@cafepress.com,Female,19,Jewelry
346,Nina,Martyn,nmartyn9l@earthlink.net,Female,98,Shoes
347,Nicolea,Dayton,ndayton9m@dagondesign.com,Female,14,Garden
348,Friedrich,Henlon,fhenlon9n@marriott.com,Male,52,Games
349,Richy,Griffith,rgriffith9o@cloudflare.com,Male,72,Toys
350,Elna,Snape,esnape9p@storify.com,Non-binary,97,Industrial
351,Clywd,Wyllie,cwyllie9q@free.fr,Male,55,Automotive
352,Cos,Coll,ccoll9r@google.nl,Male,39,Electronics
353,Ramsey,Goodliff,rgoodliff9s@unesco.org,Male,62,Garden
354,Herby,Pabel,hpabel9t@livejournal.com,Non-binary,75,Kids
355,Tonia,Cassie,tcassie9u@github.io,Female,17,Toys
356,Minta,Niblo,mniblo9v@angelfire.com,Female,24,Health
357,Noami,Rabjohns,nrabjohns9w@theatlantic.com,Female,76,Jewelry
358,Guntar,Radbond,gradbond9x@gnu.org,Male,20,Beauty
359,Vanya,Karolowski,vkarolowski9y@phoca.cz,Non-binary,7,Home
360,Tiebold,Laurentino,tlaurentino9z@google.es,Male,61,Electronics
361,Waylon,Laverty,wlavertya0@nymag.com,Male,67,Automotive
362,Rayna,McGill,rmcgilla1@go.com,Female,93,Garden
363,Netta,O'Moylane,nomoylanea2@friendfeed.com,Bigender,67,Kids
364,Isaiah,Boutellier,iboutelliera3@alibaba.com,Male,51,Garden
365,Jarret,Curgenven,jcurgenvena4@dropbox.com,Male,59,Electronics
366,Halie,Pinwell,hpinwella5@ebay.co.uk,Female,87,Movies
367,Morty,Josskovitz,mjosskovitza6@blogspot.com,Male,19,Industrial
368,Berk,MacGillacolm,bmacgillacolma7@guardian.co.uk,Male,92,Shoes
369,Vivien,Fernyhough,vfernyhougha8@eepurl.com,Bigender,80,Beauty
370,Farand,Pandya,fpandyaa9@fotki.com,Female,76,Games
371,Elora,FitzGeorge,efitzgeorgeaa@youtu.be,Female,76,Books
372,Gabriel,Credland,gcredlandab@fastcompany.com,Male,90,Baby
373,Carrissa,Culross,cculrossac@wordpress.com,Female,62,Jewelry
374,Gracia,Climie,gclimiead@zdnet.com,Female,92,Clothing
375,Suellen,Rennox,srennoxae@netvibes.com,Polygender,30,Health
376,Brigham,Beddow,bbeddowaf@cmu.edu,Male,57,Home
377,Urson,Wenger,uwengerag@soup.io,Male,11,Grocery
378,Demott,Streetley,dstreetleyah@sciencedirect.com,Male,10,Industrial
379,Matthaeus,Misk,mmiskai@npr.org,Male,58,Computers
380,Lyon,Sorsbie,lsorsbieaj@yandex.ru,Male,24,Clothing
381,Joyous,Clurow,jclurowak@un.org,Female,3,Jewelry
382,Heywood,Scallon,hscallonal@delicious.com,Male,40,Computers
383,Tomas,Genders,tgendersam@addtoany.com,Male,64,Toys
384,Linzy,Beelby,lbeelbyan@adobe.com,Female,37,Beauty
385,Burton,Bradder,bbradderao@sun.com,Male,13,Kids
386,Jayme,Scarasbrick,jscarasbrickap@cam.ac.uk,Male,98,Beauty
387,Noami,Brock,nbrockaq@timesonline.co.uk,Female,39,Grocery
388,Scotty,Mallia,smalliaar@icq.com,Male,62,Beauty
389,Wanids,McBain,wmcbainas@hatena.ne.jp,Non-binary,42,Shoes
390,Whitman,Beeby,wbeebyat@soundcloud.com,Male,91,Toys
391,Javier,Dulany,jdulanyau@wp.com,Male,86,Tools
392,Eilis,Chidler,echidlerav@arizona.edu,Genderqueer,45,Automotive
393,Briny,Carrel,bcarrelaw@sourceforge.net,Female,8,Kids
394,Allene,Georgins,ageorginsax@pagesperso-orange.fr,Female,78,Garden
395,Coletta,Edgworth,cedgworthay@opera.com,Female,7,Electronics
396,Chloe,Dring,cdringaz@census.gov,Female,94,Computers
397,Debera,Andryushin,dandryushinb0@i2i.jp,Female,82,Tools
398,Dewie,Quinet,dquinetb1@bigcartel.com,Male,34,Baby
399,Rosina,Tilne,rtilneb2@epa.gov,Female,11,Books
400,Lynn,De Brett,ldebrettb3@myspace.com,Male,64,Clothing
401,Johann,Yashaev,jyashaevb4@wisc.edu,Male,77,Industrial
402,Glyn,Bassano,gbassanob5@webs.com,Female,100,Outdoors
403,Brucie,Speere,bspeereb6@jigsy.com,Male,51,Outdoors
404,Nev,Kruschov,nkruschovb7@dell.com,Male,7,Electronics
405,Caspar,Lomasny,clomasnyb8@dmoz.org,Male,88,Sports
406,Sisile,Lettuce,slettuceb9@wordpress.org,Female,17,Movies
407,Peterus,O' Culligan,poculliganba@wunderground.com,Genderfluid,43,Books
408,Rorie,Gammon,rgammonbb@state.tx.us,Female,21,Sports
409,Ike,Cousans,icousansbc@comsenz.com,Male,61,Beauty
410,Hunt,Roth,hrothbd@engadget.com,Male,67,Outdoors
411,Lewes,Maycock,lmaycockbe@tripadvisor.com,Male,10,Sports
412,Banky,Pawels,bpawelsbf@jalbum.net,Male,64,Health
413,Gris,Wohlers,gwohlersbg@oakley.com,Genderfluid,30,Health
414,Deeyn,Killiam,dkilliambh@unesco.org,Female,2,Clothing
415,Bev,Aisthorpe,baisthorpebi@wikispaces.com,Male,49,Books
416,Abraham,Dinkin,adinkinbj@lulu.com,Male,38,Outdoors
417,Hinze,Barette,hbarettebk@youtube.com,Polygender,71,Sports
418,Minta,Evenett,mevenettbl@purevolume.com,Female,52,Books
419,Rock,Igoe,rigoebm@quantcast.com,Male,70,Garden
420,Joyce,Caddies,jcaddiesbn@surveymonkey.com,Non-binary,21,Sports
421,Willis,Dudney,wdudneybo@rambler.ru,Male,24,Electronics
422,Meredith,Van Dale,mvandalebp@cdbaby.com,Male,59,Health
423,Melvin,Hattoe,mhattoebq@dailymotion.com,Male,81,Grocery
424,Dannie,Tothacot,dtothacotbr@cdbaby.com,Female,66,Computers
425,Mathilde,Caulcutt,mcaulcuttbs@vkontakte.ru,Polygender,100,Tools
426,Berkly,Goldsmith,bgoldsmithbt@posterous.com,Male,5,Shoes
427,Iona,Ferraretto,iferrarettobu@psu.edu,Non-binary,18,Kids
428,Kerrin,Pass,kpassbv@nih.gov,Bigender,55,Computers
429,Parry,Marron,pmarronbw@flavors.me,Male,5,Computers
430,Adeline,Iacopini,aiacopinibx@webmd.com,Female,8,Automotive
431,Elga,Inworth,einworthby@arizona.edu,Female,98,Health
432,Sydel,Michurin,smichurinbz@oaic.gov.au,Female,44,Health
433,Miles,Bold,mboldc0@slashdot.org,Male,72,Shoes
434,Mariette,Triner,mtrinerc1@rambler.ru,Non-binary,51,Music
435,Glynda,Allerton,gallertonc2@sfgate.com,Female,22,Kids
436,Brok,McTurk,bmcturkc3@behance.net,Male,1,Home
437,Ofilia,Grayley,ograyleyc4@cloudflare.com,Female,11,Baby
438,Else,Felkin,efelkinc5@wikispaces.com,Female,40,Outdoors
439,Avrit,Popworth,apopworthc6@jiathis.com,Female,98,Baby
440,Wallache,Kells,wkellsc7@unesco.org,Male,2,Industrial
441,Nap,Basketfield,nbasketfieldc8@imdb.com,Male,98,Garden
442,Ximenes,Whitters,xwhittersc9@ed.gov,Male,3,Industrial
443,Jdavie,Sandhill,jsandhillca@latimes.com,Male,12,Jewelry
444,Schuyler,Ogles,soglescb@nature.com,Non-binary,65,Sports
445,Katie,Grimsditch,kgrimsditchcc@weather.com,Female,46,Electronics
446,Jacintha,Totterdell,jtotterdellcd@twitpic.com,Female,59,Kids
447,Val,Beeres,vbeeresce@reddit.com,Female,44,Beauty
448,Angel,Plows,aplowscf@creativecommons.org,Female,67,Baby
449,Feodor,Lakenton,flakentoncg@etsy.com,Polygender,7,Music
450,Thorny,Rate,tratech@youtube.com,Male,86,Garden
451,Kerrill,Broinlich,kbroinlichci@whitehouse.gov,Female,7,Books
452,Verena,Westmore,vwestmorecj@goo.ne.jp,Female,45,Health
453,Cordelia,McRobb,cmcrobbck@guardian.co.uk,Female,12,Toys
454,Lenard,Farlow,lfarlowcl@gov.uk,Non-binary,82,Baby
455,Kariotta,Lampbrecht,klampbrechtcm@youtu.be,Female,87,Games
456,Fifi,Mulbry,fmulbrycn@ow.ly,Female,22,Tools
457,Dore,Randell,drandellco@sun.com,Male,79,Music
458,Mikel,Gatling,mgatlingcp@usda.gov,Male,79,Industrial
459,Etan,Leadstone,eleadstonecq@google.ru,Male,48,Home
460,Amberly,Beddall,abeddallcr@prnewswire.com,Female,77,Baby
461,Antonio,Redford,aredfordcs@patch.com,Male,25,Clothing
462,Rolando,Cornborough,rcornboroughct@hud.gov,Male,68,Electronics
463,Winifred,Jarrad,wjarradcu@privacy.gov.au,Female,26,Books
464,Harrison,Stainsby,hstainsbycv@cargocollective.com,Male,59,Garden
465,Sutton,Dowling,sdowlingcw@tumblr.com,Male,73,Music
466,Eddie,Derisly,ederislycx@usatoday.com,Female,85,Books
467,Alasdair,Mullins,amullinscy@123-reg.co.uk,Male,32,Shoes
468,Greer,Karel,gkarelcz@feedburner.com,Female,64,Music
469,Alecia,Stephenson,astephensond0@chron.com,Female,66,Electronics
470,Alasteir,Rivers,ariversd1@homestead.com,Male,100,Games
471,Chico,Ccomini,cccominid2@360.cn,Male,55,Sports
472,Andra,Bolt,aboltd3@clickbank.net,Female,14,Industrial
473,Gill,Godlonton,ggodlontond4@sbwire.com,Male,71,Industrial
474,Burg,Urry,burryd5@google.com.hk,Male,2,Music
475,Cassondra,Reeves,creevesd6@latimes.com,Female,97,Sports
476,Mischa,Mitro,mmitrod7@psu.edu,Male,22,Computers
477,Oby,Dillow,odillowd8@tuttocitta.it,Male,75,Books
478,Rudolfo,Fischer,rfischerd9@storify.com,Male,4,Music
479,Marlene,Chevins,mchevinsda@hp.com,Female,37,Tools
480,Helli,Gentry,hgentrydb@webs.com,Female,19,Electronics
481,Had,Curwood,hcurwooddc@comcast.net,Male,24,Clothing
482,Demetre,Ervin,dervindd@fastcompany.com,Male,92,Kids
483,Thorvald,Ollier,tollierde@posterous.com,Male,34,Beauty
484,Jud,Chantree,jchantreedf@hc360.com,Male,31,Home
485,Kipp,Well,kwelldg@ovh.net,Male,91,Electronics
486,Chelsae,Sommerville,csommervilledh@bluehost.com,Female,30,Home
487,Friedrick,Gunthorpe,fgunthorpedi@springer.com,Polygender,20,Shoes
488,Sheba,Rilston,srilstondj@alexa.com,Genderqueer,63,Home
489,Honey,Stansell,hstanselldk@homestead.com,Female,22,Sports
490,Chrissie,Hargreaves,chargreavesdl@wikimedia.org,Male,37,Toys
491,Sibyl,Aughton,saughtondm@yale.edu,Male,60,Books
492,Jecho,Crosoer,jcrosoerdn@constantcontact.com,Male,1,Outdoors
493,Jemmy,Steen,jsteendo@lycos.com,Female,90,Clothing
494,Ive,Graveson,igravesondp@netvibes.com,Male,44,Music
495,Jared,Kording,jkordingdq@skyrock.com,Genderfluid,56,Shoes
496,Wendall,Moncarr,wmoncarrdr@etsy.com,Male,21,Baby
497,Marylinda,Felgate,mfelgateds@umich.edu,Female,35,Shoes
498,Granthem,State,gstatedt@nps.gov,Male,69,Clothing
499,Vittoria,Rosenblath,vrosenblathdu@drupal.org,Female,84,Music
500,Rozella,Cake,rcakedv@example.com,Female,47,Baby
501,Darcee,Ancketill,dancketilldw@smugmug.com,Female,67,Outdoors
502,Belita,Dandison,bdandisondx@webnode.com,Female,55,Home
503,Vic,Daftor,vdaftordy@yelp.com,Male,48,Shoes
504,Amery,Dittson,adittsondz@xrea.com,Male,57,Garden
505,Dulcia,Gaythwaite,dgaythwaitee0@npr.org,Female,97,Beauty
506,Tabatha,Tarply,ttarplye1@linkedin.com,Female,1,Outdoors
507,Jourdan,Tippler,jtipplere2@amazon.co.uk,Female,54,Music
508,Jakie,Tidgewell,jtidgewelle3@acquirethisname.com,Male,33,Jewelry
509,Thayne,Strowlger,tstrowlgere4@craigslist.org,Male,72,Clothing
510,Alfie,Gawith,agawithe5@bigcartel.com,Male,52,Computers
511,Darice,Gaytor,dgaytore6@booking.com,Female,69,Garden
512,Malachi,Lafflina,mlafflinae7@ezinearticles.com,Male,26,Books
513,Greg,Stallan,gstallane8@psu.edu,Male,55,Clothing
514,Robinette,Lempel,rlempele9@bloglines.com,Female,48,Shoes
515,Peg,Jakubovski,pjakubovskiea@yale.edu,Female,21,Music
516,Woodman,Trusler,wtruslereb@csmonitor.com,Male,77,Grocery
517,Ado,Heijnen,aheijnenec@purevolume.com,Male,24,Home
518,Gregoire,Robottham,grobotthamed@gnu.org,Non-binary,69,Electronics
519,Minnaminnie,Marchand,mmarchandee@chron.com,Female,34,Sports
520,Simone,Flury,sfluryef@goo.ne.jp,Male,72,Outdoors
521,Orly,Roblin,oroblineg@mozilla.org,Female,68,Sports
522,Sibyl,Eslie,seslieeh@sphinn.com,Female,9,Tools
523,Clarance,Gergely,cgergelyei@utexas.edu,Male,98,Sports
524,Bill,Dansie,bdansieej@bbc.co.uk,Female,77,Automotive
525,Verena,Tarte,vtarteek@goo.gl,Female,37,Outdoors
526,Orrin,Wookey,owookeyel@list-manage.com,Male,83,Toys
527,Liv,McElhargy,lmcelhargyem@state.gov,Female,91,Industrial
528,Herman,Hankey,hhankeyen@google.es,Male,56,Books
529,Andrus,Ferries,aferrieseo@gnu.org,Male,42,Home
530,Theda,Largent,tlargentep@microsoft.com,Female,14,Movies
531,Edsel,Arsey,earseyeq@ihg.com,Male,4,Jewelry
532,Willard,Lethebridge,wlethebridgeer@google.nl,Male,83,Computers
533,Malynda,Garrold,mgarroldes@shareasale.com,Female,92,Outdoors
534,Binni,Thebes,bthebeset@yelp.com,Female,11,Home
535,Shelby,O'Hannigan,sohanniganeu@instagram.com,Male,38,Automotive
536,Allyn,Mennithorp,amennithorpev@msu.edu,Male,28,Toys
537,Leland,Tanslie,ltanslieew@smh.com.au,Male,28,Industrial
538,Elias,Godden,egoddenex@nbcnews.com,Male,78,Industrial
539,Rip,Drysdell,rdrysdelley@live.com,Male,67,Tools
540,Kitty,Dieton,kdietonez@furl.net,Female,98,Movies
541,Eddy,Tabert,etabertf0@liveinternet.ru,Male,20,Shoes
542,Ollie,Ferry,oferryf1@apple.com,Female,31,Home
543,Madge,Martinovsky,mmartinovskyf2@etsy.com,Female,89,Kids
544,Deirdre,Lyster,dlysterf3@blogger.com,Female,30,Books
545,Eugene,Escoffier,eescoffierf4@unicef.org,Male,14,Games
546,Rab,McPartlin,rmcpartlinf5@opensource.org,Male,29,Garden
547,Huntlee,Huerta,hhuertaf6@vinaora.com,Genderfluid,30,Electronics
548,Benedict,Gricks,bgricksf7@state.tx.us,Male,93,Computers
549,Wait,Baitey,wbaiteyf8@nba.com,Male,30,Toys
550,Vergil,Faughny,vfaughnyf9@blogs.com,Agender,27,Beauty
551,Gare,Wilkison,gwilkisonfa@nsw.gov.au,Male,89,Baby
552,Luci,Clew,lclewfb@prnewswire.com,Agender,100,Electronics
553,Meghan,Korf,mkorffc@dion.ne.jp,Female,33,Home
554,Rebecca,Jumonet,rjumonetfd@adobe.com,Non-binary,58,Movies
555,Yettie,Fernandez,yfernandezfe@wsj.com,Female,70,Home
556,Ruddy,Keirle,rkeirleff@lulu.com,Male,62,Music
557,Sharla,Brik,sbrikfg@noaa.gov,Female,78,Beauty
558,Kattie,Ravel,kravelfh@nasa.gov,Female,45,Industrial
559,Roana,Erwin,rerwinfi@macromedia.com,Female,8,Grocery
560,Mandel,Chartre,mchartrefj@storify.com,Male,13,Books
561,Dwayne,Darling,ddarlingfk@theguardian.com,Male,40,Games
562,Leta,Gimson,lgimsonfl@weebly.com,Female,25,Tools
563,Robin,Bollom,rbollomfm@samsung.com,Male,38,Toys
564,Lizzy,Ballard,lballardfn@yandex.ru,Female,99,Outdoors
565,Roanne,Plues,rpluesfo@mapy.cz,Female,35,Beauty
566,Galvan,Wolffers,gwolffersfp@latimes.com,Male,33,Games
567,Hillier,Allington,hallingtonfq@springer.com,Male,57,Jewelry
568,Mareah,Breyt,mbreytfr@statcounter.com,Female,99,Home
569,Kenton,Cahn,kcahnfs@free.fr,Male,59,Toys
570,Winifield,McQuirk,wmcquirkft@techcrunch.com,Male,54,Shoes
571,Willy,Airy,wairyfu@wix.com,Female,4,Automotive
572,Briant,Sebyer,bsebyerfv@usatoday.com,Male,18,Beauty
573,Evan,Begent,ebegentfw@forbes.com,Male,23,Kids
574,Ainslie,Sturney,asturneyfx@sourceforge.net,Female,65,Industrial
575,Lock,Schutte,lschuttefy@google.com,Male,87,Toys
576,Elladine,Tison,etisonfz@example.com,Female,41,Kids
577,Wendye,Kinvig,wkinvigg0@spotify.com,Female,95,Outdoors
578,Say,Delgardo,sdelgardog1@ft.com,Male,19,Electronics
579,Hilly,Outridge,houtridgeg2@chronoengine.com,Male,45,Books
580,Nikki,McGarrahan,nmcgarrahang3@posterous.com,Male,64,Grocery
581,Barclay,Breeton,bbreetong4@free.fr,Male,5,Shoes
582,Dyna,Adne,dadneg5@linkedin.com,Female,36,Kids
583,Lauraine,Whaley,lwhaleyg6@ibm.com,Female,35,Grocery
584,Glennis,Sahnow,gsahnowg7@sogou.com,Female,38,Grocery
585,Gwenette,Tyght,gtyghtg8@earthlink.net,Female,17,Clothing
586,Magnum,Minocchi,mminocchig9@studiopress.com,Male,48,Music
587,Heall,McReath,hmcreathga@behance.net,Male,41,Grocery
588,Byrle,Domenicone,bdomeniconegb@tiny.cc,Male,40,Movies
589,Tammy,Bayles,tbaylesgc@typepad.com,Female,45,Music
590,Calypso,Quenby,cquenbygd@blogspot.com,Female,86,Outdoors
591,Malva,Lerhinan,mlerhinange@paypal.com,Female,76,Tools
592,Emmy,Ferraraccio,eferraracciogf@yahoo.co.jp,Male,14,Baby
593,Xever,Ponnsett,xponnsettgg@odnoklassniki.ru,Polygender,86,Sports
594,Jonell,Bonnell,jbonnellgh@hao123.com,Female,72,Sports
595,Jerry,Tarbatt,jtarbattgi@army.mil,Male,3,Sports
596,Ediva,Carabet,ecarabetgj@twitter.com,Female,51,Shoes
597,Gayel,Sherwyn,gsherwyngk@live.com,Female,37,Industrial
598,Reena,Hebden,rhebdengl@sphinn.com,Female,45,Health
599,Jud,Dayborne,jdaybornegm@dailymail.co.uk,Genderfluid,6,Industrial
600,Shell,Niven,snivengn@unc.edu,Female,9,Garden
601,Kylie,Finlater,kfinlatergo@elegantthemes.com,Male,59,Movies
602,Hinda,Kaye,hkayegp@alibaba.com,Female,4,Automotive
603,Marni,Fairley,mfairleygq@tripadvisor.com,Female,27,Automotive
604,Corissa,Van Dijk,cvandijkgr@ocn.ne.jp,Female,72,Toys
605,Lev,Matteau,lmatteaugs@shutterfly.com,Male,75,Books
606,Amalea,Ricart,aricartgt@mail.ru,Female,90,Shoes
607,Reta,Kuller,rkullergu@odnoklassniki.ru,Female,33,Sports
608,Janenna,Vannet,jvannetgv@dyndns.org,Female,35,Garden
609,Francisca,Clapson,fclapsongw@elpais.com,Female,67,Computers
610,Jenica,Feechan,jfeechangx@about.com,Female,38,Sports
611,Far,Iacofo,fiacofogy@sina.com.cn,Male,12,Automotive
612,Harald,Doyle,hdoylegz@oakley.com,Agender,19,Home
613,Gennifer,Braisby,gbraisbyh0@behance.net,Female,63,Electronics
614,Evyn,Matisoff,ematisoffh1@yellowpages.com,Male,48,Movies
615,Quill,Attkins,qattkinsh2@google.es,Male,56,Computers
616,Staci,Pithcock,spithcockh3@de.vu,Genderfluid,51,Baby
617,Eli,Olyunin,eolyuninh4@blogger.com,Male,47,Shoes
618,Margot,Gavan,mgavanh5@bluehost.com,Female,43,Garden
619,Raeann,Tingle,rtingleh6@smh.com.au,Female,31,Kids
620,Roze,Elkin,relkinh7@github.io,Female,84,Outdoors
621,Kirby,Kezourec,kkezourech8@amazon.co.jp,Female,2,Electronics
622,Denney,Blackmuir,dblackmuirh9@digg.com,Male,57,Computers
623,Zaria,Dulson,zdulsonha@meetup.com,Female,23,Beauty
624,Druci,Law,dlawhb@tiny.cc,Female,99,Garden
625,Lovell,Kinnoch,lkinnochhc@plala.or.jp,Male,93,Grocery
626,Vevay,Lackie,vlackiehd@google.nl,Female,12,Books
627,Doug,Tomlins,dtomlinshe@list-manage.com,Male,92,Baby
628,Gris,Whittleton,gwhittletonhf@tripod.com,Male,98,Home
629,Caroljean,Dennidge,cdennidgehg@about.me,Female,6,Industrial
630,Arvy,Regus,aregushh@flickr.com,Male,70,Baby
631,Mead,Liversidge,mliversidgehi@yahoo.co.jp,Male,2,Toys
632,Wilbur,Davies,wdavieshj@economist.com,Male,62,Beauty
633,Alasteir,Godfree,agodfreehk@ow.ly,Male,5,Shoes
634,Kimberley,Jacobssen,kjacobssenhl@icio.us,Female,51,Home
635,Megan,Pennick,mpennickhm@eepurl.com,Female,25,Outdoors
636,Ingra,Loynes,iloyneshn@marketwatch.com,Male,74,Health
637,Donnajean,Gerring,dgerringho@un.org,Female,76,Electronics
638,Nanete,Adamski,nadamskihp@paginegialle.it,Female,71,Movies
639,Andreas,Walczak,awalczakhq@plala.or.jp,Male,41,Music
640,Ebenezer,Kittless,ekittlesshr@myspace.com,Male,99,Baby
641,Garold,MacAnellye,gmacanellyehs@bandcamp.com,Male,21,Kids
642,Arluene,Harral,aharralht@buzzfeed.com,Female,56,Books
643,Emlynn,Hassard,ehassardhu@booking.com,Female,3,Grocery
644,Farris,Skellorne,fskellornehv@acquirethisname.com,Male,30,Baby
645,Murray,Robillard,mrobillardhw@ameblo.jp,Male,64,Automotive
646,Erroll,Aronovich,earonovichhx@dagondesign.com,Male,87,Computers
647,Fredek,Penvarne,fpenvarnehy@yahoo.co.jp,Male,57,Computers
648,Corney,Boots,cbootshz@usda.gov,Male,6,Baby
649,Amelia,Beasley,abeasleyi0@macromedia.com,Female,37,Clothing
650,Tammy,Pothecary,tpothecaryi1@ycombinator.com,Female,95,Games
651,Myrwyn,Narramor,mnarramori2@example.com,Male,76,Books
652,Uri,Illingworth,uillingworthi3@ca.gov,Male,57,Outdoors
653,Kenneth,Kindell,kkindelli4@exblog.jp,Male,82,Books
654,Dorian,Meaders,dmeadersi5@parallels.com,Female,42,Sports
655,Shannah,Semarke,ssemarkei6@adobe.com,Female,3,Health
656,Miriam,Cakes,mcakesi7@xrea.com,Female,5,Electronics
657,Mauricio,Stapleford,mstaplefordi8@slashdot.org,Male,7,Shoes
658,Sigismundo,Yitzhakof,syitzhakofi9@gravatar.com,Non-binary,31,Beauty
659,Tallie,Mennithorp,tmennithorpia@livejournal.com,Male,41,Sports
660,Durant,Sondon,dsondonib@bing.com,Agender,96,Home
661,Gwen,Portail,gportailic@blogger.com,Female,20,Grocery
662,Meade,Carrel,mcarrelid@pbs.org,Female,41,Jewelry
663,Irena,Klagge,iklaggeie@bbc.co.uk,Female,73,Sports
664,Goldarina,Mellodey,gmellodeyif@fastcompany.com,Genderfluid,76,Beauty
665,Eunice,Armatidge,earmatidgeig@sitemeter.com,Female,52,Games
666,Nicolais,Maclean,nmacleanih@cdc.gov,Agender,28,Grocery
667,Valera,Whitley,vwhitleyii@yelp.com,Female,24,Automotive
668,Rock,Dyment,rdymentij@reference.com,Male,78,Toys
669,Sanford,Mahmood,smahmoodik@china.com.cn,Male,5,Jewelry
670,Malissa,Titmus,mtitmusil@buzzfeed.com,Female,30,Sports
671,Vanna,Groarty,vgroartyim@tinyurl.com,Female,12,Games
672,Janenna,Burkart,jburkartin@seattletimes.com,Female,3,Shoes
673,Ingemar,Gavozzi,igavozziio@marketwatch.com,Male,8,Baby
674,Isis,Roxbrough,iroxbroughip@arizona.edu,Female,12,Music
675,Mireielle,Pideon,mpideoniq@booking.com,Genderqueer,55,Kids
676,Lenard,Bartoshevich,lbartoshevichir@geocities.jp,Male,37,Tools
677,Virgilio,Orbon,vorbonis@google.de,Male,70,Tools
678,Lainey,Doughartie,ldoughartieit@wikispaces.com,Female,37,Music
679,Gillian,Pane,gpaneiu@quantcast.com,Female,36,Health
680,Gram,Pate,gpateiv@fda.gov,Male,49,Computers
681,Carla,Winning,cwinningiw@jigsy.com,Female,9,Kids
682,Franz,Grady,fgradyix@wunderground.com,Male,43,Tools
683,Eolande,Pavolini,epavoliniiy@sakura.ne.jp,Female,71,Sports
684,Tarra,Renackowna,trenackownaiz@dmoz.org,Female,28,Automotive
685,Bryan,Barfford,bbarffordj0@linkedin.com,Genderfluid,3,Books
686,Orran,Angrock,oangrockj1@mapy.cz,Male,47,Industrial
687,Laughton,Rowlinson,lrowlinsonj2@imdb.com,Male,31,Baby
688,Turner,Antoniottii,tantoniottiij3@theguardian.com,Agender,90,Electronics
689,Christan,Sneddon,csneddonj4@statcounter.com,Female,65,Home
690,Ofilia,Rioch,oriochj5@angelfire.com,Genderfluid,14,Tools
691,Eldridge,Jaynes,ejaynesj6@nymag.com,Male,66,Shoes
692,Alec,Probart,aprobartj7@nydailynews.com,Male,89,Automotive
693,Matty,Kender,mkenderj8@deviantart.com,Female,69,Sports
694,Jade,Grinikhinov,jgrinikhinovj9@bbb.org,Female,76,Sports
695,Lazaro,Lowing,llowingja@biblegateway.com,Male,52,Movies
696,Sibeal,Roony,sroonyjb@vkontakte.ru,Female,52,Baby
697,Beltran,Tease,bteasejc@uiuc.edu,Male,96,Sports
698,Jody,Dawdry,jdawdryjd@a8.net,Male,9,Tools
699,Tiena,Eltone,teltoneje@flickr.com,Female,19,Outdoors
700,Ashil,Bakeup,abakeupjf@t-online.de,Female,92,Music
701,Ilsa,Shout,ishoutjg@clickbank.net,Female,60,Kids
702,Mabel,Chettoe,mchettoejh@istockphoto.com,Female,27,Outdoors
703,Tanny,Doornbos,tdoornbosji@opera.com,Male,68,Garden
704,Chucho,Danilishin,cdanilishinjj@pinterest.com,Male,77,Toys
705,Lon,Eldrid,leldridjk@nsw.gov.au,Male,31,Health
706,Jedediah,Matsell,jmatselljl@rediff.com,Male,51,Automotive
707,Corrine,Islep,cislepjm@unblog.fr,Female,59,Automotive
708,Gaultiero,Fellibrand,gfellibrandjn@woothemes.com,Bigender,63,Computers
709,Anatollo,McGuiney,amcguineyjo@webs.com,Male,45,Electronics
710,Bren,Sheldrick,bsheldrickjp@jigsy.com,Female,54,Home
711,Haily,Kelsow,hkelsowjq@opensource.org,Male,36,Health
712,Issi,Crisp,icrispjr@wufoo.com,Female,89,Kids
713,Martainn,Comber,mcomberjs@moonfruit.com,Male,36,Shoes
714,Miller,Bradtke,mbradtkejt@microsoft.com,Male,85,Sports
715,Paule,Atwell,patwellju@wikimedia.org,Polygender,37,Kids
716,Wilt,Sarfatti,wsarfattijv@yellowpages.com,Genderfluid,43,Health
717,Ellie,Bentzen,ebentzenjw@e-recht24.de,Genderqueer,17,Outdoors
718,Karlee,Wegener,kwegenerjx@1und1.de,Female,23,Computers
719,Kristel,Deas,kdeasjy@ox.ac.uk,Female,4,Kids
720,Paola,Santore,psantorejz@opera.com,Agender,70,Music
721,Alberta,Mc Carrick,amccarrickk0@abc.net.au,Female,41,Games
722,Boy,Braz,bbrazk1@cocolog-nifty.com,Male,27,Automotive
723,Elnore,Kike,ekikek2@dropbox.com,Agender,27,Toys
724,Andrei,Dahlbom,adahlbomk3@wsj.com,Female,13,Games
725,Talbot,Olivia,toliviak4@sitemeter.com,Male,29,Grocery
726,Orly,Yakov,oyakovk5@marketwatch.com,Female,50,Home
727,Rufe,Guslon,rguslonk6@themeforest.net,Male,23,Industrial
728,Sonnie,Stoop,sstoopk7@microsoft.com,Male,65,Jewelry
729,Luigi,Pierucci,lpieruccik8@businessinsider.com,Male,84,Grocery
730,Brent,Enterle,benterlek9@newsvine.com,Male,53,Music
731,Clemens,Harrild,charrildka@chron.com,Male,81,Kids
732,Anderea,Gouch,agouchkb@slate.com,Female,55,Industrial
733,Kristo,Shuttell,kshuttellkc@utexas.edu,Male,50,Home
734,Opalina,Beyne,obeynekd@state.tx.us,Female,52,Beauty
735,Wake,Bernaldo,wbernaldoke@amazon.co.uk,Male,20,Automotive
736,Elsie,Lodevick,elodevickkf@ted.com,Female,85,Books
737,Hendrika,Howsam,hhowsamkg@purevolume.com,Female,86,Tools
738,Duffy,Battie,dbattiekh@hibu.com,Male,88,Beauty
739,Winonah,Muller,wmullerki@ftc.gov,Female,61,Industrial
740,Bonni,Curado,bcuradokj@elpais.com,Female,98,Baby
741,Chic,Andrusov,candrusovkk@hud.gov,Male,40,Kids
742,Rebecca,Baddiley,rbaddileykl@elpais.com,Female,22,Computers
743,Jorge,Ekkel,jekkelkm@accuweather.com,Male,82,Grocery
744,Elfie,Gibbeson,egibbesonkn@smh.com.au,Female,100,Computers
745,Gunther,Blaber,gblaberko@nyu.edu,Male,6,Toys
746,Andeee,Olkowicz,aolkowiczkp@arizona.edu,Female,99,Tools
747,Laurence,Atte-Stone,lattestonekq@acquirethisname.com,Male,62,Automotive
748,Danie,Jarmyn,djarmynkr@spotify.com,Male,36,Computers
749,Demetre,Dracey,ddraceyks@slideshare.net,Male,91,Industrial
750,Tani,Londors,tlondorskt@cyberchimps.com,Female,48,Games
751,Daffy,Naire,dnaireku@house.gov,Female,46,Grocery
752,Kirbee,Causton,kcaustonkv@latimes.com,Female,1,Tools
753,Emory,Bilston,ebilstonkw@indiegogo.com,Male,64,Computers
754,Carole,Birdfield,cbirdfieldkx@marketwatch.com,Female,65,Books
755,Jacques,Cunney,jcunneyky@un.org,Bigender,47,Sports
756,Vicky,Agus,vaguskz@state.tx.us,Female,25,Sports
757,Constantine,Orrobin,corrobinl0@zdnet.com,Polygender,13,Beauty
758,Bamby,Shellsheere,bshellsheerel1@360.cn,Female,62,Music
759,Matias,Edwardson,medwardsonl2@cbc.ca,Male,96,Garden
760,Lawrence,Peabody,lpeabodyl3@archive.org,Male,88,Outdoors
761,Amii,Joselevitz,ajoselevitzl4@mail.ru,Female,10,Movies
762,Blair,Steiner,bsteinerl5@deviantart.com,Male,31,Books
763,Dorolisa,Joost,djoostl6@home.pl,Female,22,Games
764,Marylou,Maskrey,mmaskreyl7@si.edu,Female,72,Industrial
765,Sidoney,Cresswell,scresswelll8@oracle.com,Female,88,Industrial
766,Packston,Gerretsen,pgerretsenl9@tmall.com,Male,92,Industrial
767,Heywood,Andrieu,handrieula@europa.eu,Male,100,Jewelry
768,Silvana,Chamberlain,schamberlainlb@nytimes.com,Female,17,Grocery
769,Nellie,Gress,ngresslc@pen.io,Female,73,Outdoors
770,Mikaela,Gorvette,mgorvetteld@vk.com,Female,92,Home
771,Penn,Neilands,pneilandsle@ftc.gov,Male,60,Beauty
772,Issiah,Hecks,iheckslf@fc2.com,Male,100,Beauty
773,Carla,Fomichyov,cfomichyovlg@g.co,Female,85,Electronics
774,Jerrilyn,Skermer,jskermerlh@techcrunch.com,Agender,10,Automotive
775,Noell,McNuff,nmcnuffli@timesonline.co.uk,Female,86,Garden
776,Henrieta,Coleborn,hcolebornlj@foxnews.com,Female,7,Automotive
777,Ann,Haslen,ahaslenlk@va.gov,Female,56,Clothing
778,Anne,Costain,acostainll@privacy.gov.au,Female,82,Jewelry
779,Thomasina,Wherrit,twherritlm@dmoz.org,Female,32,Computers
780,Chrissy,Baffin,cbaffinln@woothemes.com,Male,71,Kids
781,Sullivan,Clacey,sclaceylo@about.me,Male,90,Games
782,Barthel,Marvell,bmarvelllp@de.vu,Male,23,Tools
783,Jacqui,Catlow,jcatlowlq@apache.org,Female,50,Electronics
784,Giusto,Dunphie,gdunphielr@wunderground.com,Male,56,Beauty
785,Viv,Cawsby,vcawsbyls@wufoo.com,Female,35,Computers
786,Bernhard,Reder,brederlt@tmall.com,Male,45,Computers
787,Bradney,Oherlihy,boherlihylu@reuters.com,Male,48,Electronics
788,Dmitri,Klesel,dklesellv@zimbio.com,Male,34,Games
789,Langston,Adaway,ladawaylw@cnn.com,Male,69,Outdoors
790,Gert,Priddey,gpriddeylx@yelp.com,Female,96,Garden
791,Ashley,Halford,ahalfordly@rakuten.co.jp,Male,79,Sports
792,Loise,McAvin,lmcavinlz@nifty.com,Female,94,Books
793,Stacia,Crown,scrownm0@reverbnation.com,Female,58,Baby
794,Wilona,Esilmon,wesilmonm1@yandex.ru,Female,47,Books
795,Marcello,Linebarger,mlinebargerm2@com.com,Male,99,Health
796,Vasilis,Ferrolli,vferrollim3@jiathis.com,Bigender,83,Movies
797,Meta,Erangy,merangym4@delicious.com,Female,33,Games
798,Athena,Patching,apatchingm5@4shared.com,Female,93,Shoes
799,Mattias,Crispin,mcrispinm6@mapy.cz,Male,20,Electronics
800,Joanna,Yerrell,jyerrellm7@odnoklassniki.ru,Female,29,Industrial
801,Mateo,Chattelaine,mchattelainem8@ebay.com,Male,24,Toys
802,Wilma,Harvett,wharvettm9@google.co.jp,Female,80,Toys
803,Trish,Moody,tmoodyma@stanford.edu,Female,62,Industrial
804,Hertha,Mattis,hmattismb@slashdot.org,Female,60,Computers
805,Martelle,Trank,mtrankmc@msu.edu,Female,94,Automotive
806,Phaidra,Beynon,pbeynonmd@harvard.edu,Female,32,Sports
807,Melania,Godain,mgodainme@mediafire.com,Female,41,Computers
808,Sid,Sworder,sswordermf@npr.org,Male,63,Health
809,Trace,Soppitt,tsoppittmg@symantec.com,Male,74,Toys
810,Carilyn,Bonhan,cbonhanmh@apple.com,Genderqueer,59,Toys
811,Violet,Squier,vsquiermi@mediafire.com,Female,94,Sports
812,Fanchon,Coraini,fcorainimj@github.com,Female,35,Baby
813,Laural,Fairney,lfairneymk@github.io,Female,12,Computers
814,Nell,Kopman,nkopmanml@dot.gov,Female,58,Sports
815,Cherie,Temperley,ctemperleymm@rakuten.co.jp,Female,45,Garden
816,Jakob,Corneck,jcorneckmn@buzzfeed.com,Male,49,Computers
817,Clio,Darridon,cdarridonmo@woothemes.com,Female,44,Beauty
818,Jacinthe,Petters,jpettersmp@last.fm,Female,19,Tools
819,Evangelin,Mournian,emournianmq@ihg.com,Female,65,Tools
820,Letizia,Gadaud,lgadaudmr@instagram.com,Female,96,Movies
821,Nickey,Kearle,nkearlems@webnode.com,Bigender,80,Games
822,Roanna,Keat,rkeatmt@yelp.com,Female,31,Music
823,Anastassia,Dabner,adabnermu@clickbank.net,Female,16,Tools
824,Tadeas,Betts,tbettsmv@comsenz.com,Male,71,Industrial
825,Gwendolen,Orwin,gorwinmw@unblog.fr,Female,72,Computers
826,Xylia,Tolchar,xtolcharmx@blogger.com,Female,20,Jewelry
827,Fanchon,Kristiansen,fkristiansenmy@census.gov,Genderfluid,73,Music
828,Teodor,Baldack,tbaldackmz@paginegialle.it,Male,26,Sports
829,Donetta,McMurdo,dmcmurdon0@timesonline.co.uk,Female,74,Tools
830,Zulema,Whitehurst,zwhitehurstn1@ifeng.com,Female,70,Grocery
831,Manfred,Lamba,mlamban2@umn.edu,Male,51,Tools
832,Rowen,Maybey,rmaybeyn3@quantcast.com,Male,99,Movies
833,Sherm,Di Bartolomeo,sdibartolomeon4@sphinn.com,Male,97,Sports
834,Pernell,Dummigan,pdummigann5@fda.gov,Genderfluid,41,Grocery
835,Vernice,Benge,vbengen6@usnews.com,Polygender,5,Toys
836,Cris,Fouracre,cfouracren7@amazon.co.uk,Female,9,Games
837,Flemming,Ivanchikov,fivanchikovn8@amazon.co.jp,Male,50,Games
838,Temple,Mardle,tmardlen9@51.la,Male,91,Books
839,Pammi,Colquite,pcolquitena@ucla.edu,Female,11,Industrial
840,Erasmus,Bridger,ebridgernb@earthlink.net,Male,48,Grocery
841,Vinson,Coade,vcoadenc@tuttocitta.it,Male,15,Health
842,Carol-jean,Tudor,ctudornd@acquirethisname.com,Agender,20,Automotive
843,Wendel,Calow,wcalowne@dyndns.org,Male,77,Music
844,Clarice,Dyett,cdyettnf@huffingtonpost.com,Female,35,Books
845,Vernon,Dobrowolny,vdobrowolnyng@digg.com,Male,21,Books
846,Frasier,Reddle,freddlenh@umich.edu,Male,85,Garden
847,Charlena,Enever,ceneverni@samsung.com,Female,87,Home
848,Charlotte,Luxmoore,cluxmoorenj@jigsy.com,Polygender,38,Clothing
849,Maureene,Eckart,meckartnk@globo.com,Female,20,Movies
850,Wallace,Birdall,wbirdallnl@google.co.uk,Male,41,Electronics
851,Joelle,Whistlecraft,jwhistlecraftnm@blogs.com,Female,68,Computers
852,Domenic,Mynett,dmynettnn@spotify.com,Agender,53,Home
853,Pincas,Copson,pcopsonno@amazon.com,Male,71,Beauty
854,Rube,Eric,rericnp@whitehouse.gov,Male,63,Toys
855,Lotta,Hablet,lhabletnq@123-reg.co.uk,Female,48,Books
856,Tallou,Climie,tclimienr@twitter.com,Genderqueer,10,Sports
857,Shae,O'Carmody,socarmodyns@cafepress.com,Male,57,Books
858,Jacques,Heckle,jhecklent@umn.edu,Male,53,Baby
859,Carroll,Skate,cskatenu@rambler.ru,Male,56,Shoes
860,Laurella,Auger,laugernv@mediafire.com,Genderqueer,70,Electronics
861,Garrot,Andrich,gandrichnw@dyndns.org,Male,58,Jewelry
862,Dolf,Duce,dducenx@boston.com,Male,29,Industrial
863,Nickolaus,Behnen,nbehnenny@so-net.ne.jp,Male,86,Automotive
864,Garik,Ritzman,gritzmannz@tinyurl.com,Male,40,Movies
865,Maren,Brute,mbruteo0@apple.com,Female,59,Health
866,Marijn,Ramos,mramoso1@harvard.edu,Male,38,Beauty
867,Christiana,Etteridge,cetteridgeo2@naver.com,Female,12,Shoes
868,Bank,Rosbottom,brosbottomo3@cnn.com,Male,29,Kids
869,Romain,Paradin,rparadino4@boston.com,Male,97,Toys
870,Mel,Witcomb,mwitcombo5@blogtalkradio.com,Female,67,Electronics
871,Noella,Nollet,nnolleto6@ucoz.ru,Female,80,Outdoors
872,Inger,Curson,icursono7@tamu.edu,Male,32,Games
873,Jaye,Adamowicz,jadamowiczo8@gnu.org,Male,29,Tools
874,Randolf,Petkov,rpetkovo9@macromedia.com,Male,38,Outdoors
875,Laney,Swabey,lswabeyoa@vkontakte.ru,Female,43,Automotive
876,Kaine,Rumble,krumbleob@lulu.com,Male,20,Tools
877,Kippy,Merrgen,kmerrgenoc@auda.org.au,Agender,23,Jewelry
878,Erin,Kemmey,ekemmeyod@newyorker.com,Male,33,Baby
879,Rab,Sheilds,rsheildsoe@yahoo.com,Male,37,Movies
880,Burton,Errowe,berroweof@harvard.edu,Male,5,Toys
881,Onofredo,Vineall,ovineallog@smh.com.au,Male,72,Garden
882,Zarah,Bohea,zboheaoh@cnet.com,Female,48,Movies
883,Janeen,Compton,jcomptonoi@pen.io,Female,33,Movies
884,Bettina,Yann,byannoj@wiley.com,Female,37,Sports
885,Devland,Croshaw,dcroshawok@patch.com,Male,93,Beauty
886,Charmain,Mougel,cmougelol@soup.io,Female,40,Automotive
887,Welbie,Hawes,whawesom@technorati.com,Male,93,Music
888,Correy,Srawley,csrawleyon@cdc.gov,Polygender,57,Clothing
889,Mile,Verralls,mverrallsoo@123-reg.co.uk,Male,63,Clothing
890,Tristan,Tomicki,ttomickiop@indiegogo.com,Male,48,Games
891,Connor,Weich,cweichoq@reuters.com,Male,48,Electronics
892,Gregor,Bosse,gbosseor@sakura.ne.jp,Male,4,Industrial
893,Gallagher,Clover,gcloveros@examiner.com,Male,29,Books
894,Read,Caswill,rcaswillot@soup.io,Male,50,Clothing
895,Gasparo,Tuther,gtutherou@miibeian.gov.cn,Male,36,Electronics
896,Chalmers,Dossit,cdossitov@theglobeandmail.com,Male,5,Shoes
897,Haze,Zemler,hzemlerow@addtoany.com,Male,1,Baby
898,Jerri,Burnard,jburnardox@jugem.jp,Male,70,Jewelry
899,Inglebert,Egdal,iegdaloy@reverbnation.com,Male,7,Garden
900,Nobie,Piken,npikenoz@people.com.cn,Male,52,Home
901,Lucie,Pharro,lpharrop0@paypal.com,Bigender,52,Music
902,Maitilde,Ivanyushkin,mivanyushkinp1@mashable.com,Female,71,Automotive
903,Ferrel,Woolbrook,fwoolbrookp2@cnet.com,Bigender,78,Automotive
904,Dreddy,Billitteri,dbillitterip3@mit.edu,Female,24,Grocery
905,Georgeanna,Dartnell,gdartnellp4@state.tx.us,Female,41,Shoes
906,Hilton,Ponting,hpontingp5@statcounter.com,Male,94,Outdoors
907,Annie,Tollow,atollowp6@rediff.com,Genderqueer,53,Baby
908,Wileen,Gerrey,wgerreyp7@multiply.com,Female,24,Kids
909,Kym,Twitty,ktwittyp8@oakley.com,Female,73,Home
910,Wendye,Laviste,wlavistep9@ted.com,Female,67,Clothing
911,Torin,Peckett,tpeckettpa@shareasale.com,Male,15,Industrial
912,Matthus,Dumbarton,mdumbartonpb@behance.net,Male,84,Music
913,Jarred,Ashwood,jashwoodpc@bizjournals.com,Male,88,Electronics
914,Harlan,Teck,hteckpd@apache.org,Polygender,97,Clothing
915,Davidson,Danilchik,ddanilchikpe@businessweek.com,Male,53,Computers
916,Halette,Liepmann,hliepmannpf@xrea.com,Female,33,Games
917,Mortie,Bunkle,mbunklepg@arizona.edu,Male,35,Music
918,Uri,Kivlin,ukivlinph@eepurl.com,Male,6,Automotive
919,Emalia,Evanson,eevansonpi@unicef.org,Female,28,Books
920,Lurline,Wrey,lwreypj@a8.net,Polygender,17,Music
921,Rossie,Careless,rcarelesspk@unicef.org,Male,90,Games
922,Shalna,Simkiss,ssimkisspl@illinois.edu,Female,93,Sports
923,Tersina,Turland,tturlandpm@skype.com,Female,56,Kids
924,Shermie,Swannie,sswanniepn@soup.io,Male,50,Kids
925,Ronny,Wetherburn,rwetherburnpo@wikipedia.org,Male,23,Toys
926,Sidnee,Kupka,skupkapp@edublogs.org,Male,43,Tools
927,Delbert,Blankau,dblankaupq@cnn.com,Male,85,Beauty
928,Allison,Crome,acromepr@miitbeian.gov.cn,Female,70,Computers
929,Berni,Mc Comb,bmccombps@google.co.jp,Female,76,Shoes
930,Lurleen,Manssuer,lmanssuerpt@usa.gov,Non-binary,88,Garden
931,Irv,Duckels,iduckelspu@china.com.cn,Male,55,Electronics
932,Janette,Dufour,jdufourpv@illinois.edu,Female,53,Beauty
933,Jammie,Cudihy,jcudihypw@soundcloud.com,Female,65,Music
934,Vale,Hosburn,vhosburnpx@buzzfeed.com,Male,46,Industrial
935,Herby,Blanning,hblanningpy@google.com.au,Male,80,Automotive
936,Robinette,Baptiste,rbaptistepz@shinystat.com,Female,4,Beauty
937,Sigfried,Gile,sgileq0@vimeo.com,Male,80,Garden
938,Patten,Carvill,pcarvillq1@free.fr,Male,93,Tools
939,Rubetta,Bolstridge,rbolstridgeq2@angelfire.com,Female,90,Automotive
940,Lucias,Hammerton,lhammertonq3@aol.com,Bigender,28,Electronics
941,Vachel,Warden,vwardenq4@paginegialle.it,Male,56,Music
942,Dominick,Walsom,dwalsomq5@mayoclinic.com,Male,42,Health
943,Ginni,Ilchuk,gilchukq6@a8.net,Female,50,Home
944,Hercules,Crampsey,hcrampseyq7@gravatar.com,Male,41,Health
945,Rhys,Belmont,rbelmontq8@who.int,Male,55,Beauty
946,Flory,Kilminster,fkilminsterq9@java.com,Male,100,Industrial
947,Augy,Ruggs,aruggsqa@dagondesign.com,Male,27,Health
948,Jaime,Sharpus,jsharpusqb@cnet.com,Male,4,Automotive
949,Ignacius,Caskey,icaskeyqc@icio.us,Genderqueer,100,Electronics
950,Anet,Ferencz,aferenczqd@ox.ac.uk,Female,9,Books
951,Franny,Kinver,fkinverqe@wp.com,Female,67,Garden
952,Astrix,Gosselin,agosselinqf@tripadvisor.com,Female,58,Jewelry
953,Crystal,Ghidoni,cghidoniqg@slideshare.net,Female,47,Industrial
954,Dougie,Dobinson,ddobinsonqh@admin.ch,Male,92,Industrial
955,Harwilll,Try,htryqi@miitbeian.gov.cn,Male,64,Shoes
956,Rorie,FitzAlan,rfitzalanqj@newyorker.com,Female,58,Health
957,Claudius,Ashling,cashlingqk@drupal.org,Male,76,Games
958,Jeno,Willoughey,jwillougheyql@sphinn.com,Male,17,Baby
959,Yank,MacMearty,ymacmeartyqm@illinois.edu,Male,16,Grocery
960,Aldrich,De Cristoforo,adecristoforoqn@npr.org,Male,18,Home
961,Lesley,Mocher,lmocherqo@ezinearticles.com,Male,36,Electronics
962,Sydelle,Lamerton,slamertonqp@so-net.ne.jp,Female,95,Computers
963,Sharline,Grinvalds,sgrinvaldsqq@cdbaby.com,Female,19,Electronics
964,Louie,Eversley,leversleyqr@geocities.jp,Male,73,Tools
965,Kinna,Hambers,khambersqs@nih.gov,Female,69,Clothing
966,Padriac,Danniell,pdanniellqt@storify.com,Male,40,Toys
967,Nat,Boothman,nboothmanqu@fema.gov,Male,36,Baby
968,Sibelle,Beachem,sbeachemqv@techcrunch.com,Female,25,Sports
969,Jere,Gouldie,jgouldieqw@whitehouse.gov,Female,94,Tools
970,Billie,Tompsett,btompsettqx@exblog.jp,Male,74,Baby
971,Caressa,Mattheissen,cmattheissenqy@is.gd,Female,83,Baby
972,Eberto,Jaumet,ejaumetqz@xing.com,Male,30,Kids
973,Onfroi,Stutter,ostutterr0@google.com,Male,73,Home
974,Marice,Dalgliesh,mdalglieshr1@adobe.com,Female,35,Music
975,Hamid,Capper,hcapperr2@yahoo.co.jp,Male,64,Industrial
976,Moritz,Mettrick,mmettrickr3@sohu.com,Male,18,Health
977,Barry,Mill,bmillr4@irs.gov,Male,93,Sports
978,Marten,Kelwick,mkelwickr5@ning.com,Male,12,Books
979,Boonie,Baxendale,bbaxendaler6@de.vu,Male,38,Home
980,Timi,Jirek,tjirekr7@hhs.gov,Female,13,Industrial
981,Godfree,Soldan,gsoldanr8@webmd.com,Male,69,Garden
982,Estell,Heinsen,eheinsenr9@noaa.gov,Female,74,Music
983,Ardine,Swanston,aswanstonra@last.fm,Non-binary,81,Sports
984,Cheslie,Catcherside,ccatchersiderb@seattletimes.com,Genderqueer,87,Sports
985,Frasier,McPaike,fmcpaikerc@parallels.com,Male,5,Kids
986,Ingrid,Kollaschek,ikollaschekrd@timesonline.co.uk,Female,41,Clothing
987,Robinett,Sheal,rshealre@scribd.com,Female,61,Home
988,Mycah,Mattielli,mmattiellirf@sogou.com,Male,42,Health
989,Malinde,Beldum,mbeldumrg@psu.edu,Female,86,Home
990,Massimo,Winfindine,mwinfindinerh@gravatar.com,Male,79,Games
991,Winny,Howden,whowdenri@intel.com,Male,85,Sports
992,Wendy,Mytton,wmyttonrj@yelp.com,Female,38,Tools
993,Ewan,Malenfant,emalenfantrk@bloomberg.com,Male,90,Electronics
994,Kimmie,Sabati,ksabatirl@godaddy.com,Female,2,Outdoors
995,Theadora,Bernakiewicz,tbernakiewiczrm@ifeng.com,Female,60,Industrial
996,Quintilla,Blamey,qblameyrn@google.com.au,Female,70,Tools
997,Ilse,Lodeke,ilodekero@cyberchimps.com,Female,15,Baby
998,Lib,Ianilli,lianillirp@prlog.org,Female,55,Industrial
999,Yettie,Sutty,ysuttyrq@uiuc.edu,Female,23,Kids
1000,Constantia,Handrick,chandrickrr@wikipedia.org,Female,2,Toys
